path,group,category,lines,sha256
service/packages/cli/src/index.ts,packages/cli,production,2,125d2c36e653abafaccad2140482c664ea85bba4f5bc14b7c9907a0194c9a8c8
service/packages/cli/tsdown.config.ts,packages/cli,build-tooling,18,4249acfdcef36a0cac3f8887aecba2e1a0d2af7049209ac29e281449c552159b
service/packages/cli/vitest.config.ts,packages/cli,build-tooling,9,2e9322b92897aac96af7a2eca9229407c74bfc00d935801d27e2e42465b17578
service/packages/ir/src/index.ts,packages/ir,production,2,125d2c36e653abafaccad2140482c664ea85bba4f5bc14b7c9907a0194c9a8c8
service/packages/ir/vitest.config.ts,packages/ir,build-tooling,9,899b41c980cc4cb39d0808c0c7e9bd8814afe8265344448e4ad0089e1a8cde3d
service/packages/mcp/src/build-id.ts,packages/mcp,production,16,8ce5da63e34af094a214d9b8231664fb276844b332076e9bae24daf382d5ea10
service/packages/mcp/src/control/action-nonce-endpoints.ts,packages/mcp,production,44,0d5b1a668d7bb687ac5b592f4f200c618246f84b4ef7f2ef6256980a8d5c629d
service/packages/mcp/src/control/action-nonce-store.ts,packages/mcp,production,293,9824ff34ac7dd0e4d3980ee72c233c171defd5ab3eabd1f5466e6c3a7545addd
service/packages/mcp/src/control/admin-audit-endpoints.ts,packages/mcp,production,27,a29c05ca72c084266d18a9c35282f4fa2725420fc5975132f10529fff34dc34f
service/packages/mcp/src/control/admin-audit-store.ts,packages/mcp,production,1239,20521cd278d2626d4a5641066dad9d058ffaa555970bb0818144d3dd8b38ad61
service/packages/mcp/src/control/approval-endpoints.ts,packages/mcp,production,16,43bee2a79892e68b5929e94eab3895979db9bfa433832fc84a0d0ff65eecfb25
service/packages/mcp/src/control/egress-endpoints.ts,packages/mcp,production,309,062917031b4f6a5f48f633eb4626cbe06c4204a56020cd18cbd72c487be0080f
service/packages/mcp/src/control/network-domain-endpoints.ts,packages/mcp,production,87,376ef0202cd4663a0c7e2990b33cf58b9b73206ce696a4aaba8734d2e3e5e7bc
service/packages/mcp/src/control/operation-endpoints.ts,packages/mcp,production,209,b55ca00415fb4742e3f5efeb2d29e287cccbf11cd8564952de77c3f780c93417
service/packages/mcp/src/control/operation-evidence-endpoint.ts,packages/mcp,production,197,2cb6b2031e4b82a535218cb21943c8dcbf3c88876b859b0da85124c996ce11ac
service/packages/mcp/src/control/route-registry.ts,packages/mcp,production,338,006b5c8e8ee0b265fd73caf389e3781f1504d809594d68d95466019453b5c344
service/packages/mcp/src/control/router.ts,packages/mcp,production,451,71ac2a7dbeec180e83aebbeb06210ea3e797e162b91a105281f45c353b1cc855
service/packages/mcp/src/control/status-endpoint.ts,packages/mcp,production,63,bb928cf1cfaf6a7f3e60b2dc9be5a468ddef409150884214520c6053dcf3e7be
service/packages/mcp/src/control/tool-call-endpoint.ts,packages/mcp,production,40,e5653007bad3d1d2ced4a81c9ad8ca435bb1935b7e34723a8e0477d8b071b306
service/packages/mcp/src/control/workspace-endpoints.ts,packages/mcp,production,103,ce74923c5827ee987f3188439240545c79962b01463420b3ffa0cfdd22e2ddec
service/packages/mcp/src/diff/baseline-identity.ts,packages/mcp,production,15,71f27eb27c14eda962d58385046b547c8dc926e86e11cc075e35ce833b342e38
service/packages/mcp/src/diff/design-diff.ts,packages/mcp,production,225,5289b1dbd666f5164a46db77800e6718f5115e6660c4f0cef2d0e391e3f80c8b
service/packages/mcp/src/dispatch.ts,packages/mcp,production,164,4e0d22648e733bec29489cadb6a2575cdd96442a2b84e9c69bd8a8cc580a68c1
service/packages/mcp/src/election/control-route-registry.ts,packages/mcp,production,70,d06800476ef4222b76ad3506dfab81c9c1bde145f591daad4d5d93ae34fda6f7
service/packages/mcp/src/election/election.ts,packages/mcp,production,280,8429f6a06b2abe5888e32a80b05c21a2d564fffc782bf79fb0bd8254246228e1
service/packages/mcp/src/election/follower.ts,packages/mcp,production,170,0afa7a038644fc2e88d03cd9d4388d90b39f7829422a18ce2028588bd2fa2ad7
service/packages/mcp/src/election/leader-endpoints.ts,packages/mcp,production,369,5f92231e28e965e0d126c393ab166d2cfe30c7d38119579d0e3c07817f32c004
service/packages/mcp/src/election/leader-lock.ts,packages/mcp,production,287,f7b86a36d9d90efa7c6b8ef64d12c06ba43249e7c33c4b732a5bc0d44bac4064
service/packages/mcp/src/election/node.ts,packages/mcp,production,311,06b491923369affdd8f542b28f41b8127378860291a21dd1f0d36ddb773ed0de
service/packages/mcp/src/execution/egress-manifest-store.ts,packages/mcp,production,612,9014ddb5a1e0cdf3bdad63be00d5eceb13c3b0d780928d10ed31736d4c85603b
service/packages/mcp/src/execution/execution-plane.ts,packages/mcp,production,1254,2b5e79fd20074cc4b3f7110cfaea4cd6e1d3c5bfb956477f663e2133ef6fc87a
service/packages/mcp/src/execution/file-queue.ts,packages/mcp,production,75,6bacd95f745888fc29063656fa021d141c298f8195e06b8bf1cf831015783efb
service/packages/mcp/src/execution/follower-invocation-client.ts,packages/mcp,production,258,3394458ebc5a0a6d6aef2cec4347883601801ebfb7e258da5bef6555f8198b85
service/packages/mcp/src/execution/follower-invocation-endpoint.ts,packages/mcp,production,156,1ebad2ef7a4e75283be5f203f85d160fe49fe898ab631aee9f795ea1ea98c2f3
service/packages/mcp/src/execution/mcp-invocation-adapter.ts,packages/mcp,production,102,cde61dbdfcf1d5afe7361b3643e03d564312b5d611692cc53be643ba3e9146a1
service/packages/mcp/src/execution/mcp-workspace-binding.ts,packages/mcp,production,48,f9070046ac2fed64d8d40209d747a86c7db4f1821099e01a9e69515dddc1acdd
service/packages/mcp/src/execution/native-evidence-artifact-port.ts,packages/mcp,production,1065,c5bd7c84152f1534c1c11c96b6ed75f6eaabc841e23b9c884825286afdf86c78
service/packages/mcp/src/execution/operation-evidence-projector.ts,packages/mcp,production,139,357cbccd47fcc9037a5b57ae50ec953d51258d4df9849b6714ff76f17c25c760
service/packages/mcp/src/execution/operation-evidence-receipt-store.ts,packages/mcp,production,980,95e8a2b058883292726b19dabb408dc011546fd07ff4e960d520e1aa1ba4dccb
service/packages/mcp/src/execution/operation-executor.ts,packages/mcp,production,2051,933987fd0739398d29e90b550b61cf7e6454025b052238fbe3a5d7394011fad3
service/packages/mcp/src/execution/operation-id.ts,packages/mcp,production,151,d405deafb1332661ec075661577269d657a7a3685be3c9b32a4a7d4c1c59c7e3
service/packages/mcp/src/execution/operation-journal.ts,packages/mcp,production,1601,2a41fd92a99865c492c68f4674bb0979095bd91dccfc2fe2cbd5ec76e1c3bbee
service/packages/mcp/src/execution/operation-resolution-intent.ts,packages/mcp,production,389,0eacd7243e42f1cf301d5557db293a933f11a71e6094e1c1759a08d04d7ac7a1
service/packages/mcp/src/execution/service-operation-registry.ts,packages/mcp,production,26,6e1bd916a959145badbd4df52ed74cfe7a9f63af57923bd84ad2343cdaeb2ec7
service/packages/mcp/src/execution/target-resolver.ts,packages/mcp,production,147,b0a6ede8a2b9a239f94cb9859c4fbe7acbcd4ad1d3e9bdc81bfb0c00ddb610f6
service/packages/mcp/src/fs/atomic-file.ts,packages/mcp,production,2220,83a11caccd041b614dcd0dbb10c2b0910bac30edec4b94db234cad8258c78b90
service/packages/mcp/src/fs/evidence-retention-authority.ts,packages/mcp,production,329,bcca7fbf07429e48df1f81572b21812d4ef43d25550e3c50b0057b26cdd4b9f1
service/packages/mcp/src/fs/operation-evidence-artifact-store.ts,packages/mcp,production,2148,0c8e1ae112f9006bd0184a6a8b8088a4e778d36b19a3f5df225acfc025c83c8f
service/packages/mcp/src/fs/repo-walk.ts,packages/mcp,production,489,bfe368b629d7aa3d66fc347132b2a1f1e956b20c7d599fd731eaad0d9aa44248
service/packages/mcp/src/fs/windows-directory-lease-broker.ts,packages/mcp,production,492,a904a26c601dd842b77b0bd457554c8c8b0beb604bdd839af2bd059cde53db1a
service/packages/mcp/src/fs/workspace-config-store.ts,packages/mcp,production,716,be645d5da8cbab58af3b443456ac710a0b05a1cfb91e7c5d642a7535f2ed9636
service/packages/mcp/src/fs/workspace-policy.ts,packages/mcp,production,599,9518d6afa6f7f7d3f80cdea5823e168229e199af80ad7f8be86d179f9a1f7ef7
service/packages/mcp/src/fs/workspace-registration-resolver.ts,packages/mcp,production,96,c3f013e234bcd63d821d47abcc498bb7127c49318df6ecf2fa59f9a883460018
service/packages/mcp/src/icons/repo-icons.ts,packages/mcp,production,108,dbc05d3e9743f57c6824cb7aef83d88864be500092679c34dd52bdecf8b9827f
service/packages/mcp/src/ignored-dirs.ts,packages/mcp,production,26,d4bffd382d2459ccf205d7302f6ab761f7c8a180fff2a516a6fe6425482b584a
service/packages/mcp/src/index.ts,packages/mcp,production,1346,2f706bb011760207cb046b5caaa148b72716e7e7a6d7ab2415d917a7d08fb577
service/packages/mcp/src/instructions.ts,packages/mcp,production,23,2b3ee4a71a88918b271eef304ba2db9036b7572231d56cad6432c88a0df16e4a
service/packages/mcp/src/join/casefold.ts,packages/mcp,production,27,a938e431752b74f2c95b296a21539c344d3cb837793aafd3d04be19c70ed7ad1
service/packages/mcp/src/join/component-map.ts,packages/mcp,production,478,9ea882475fbfad7c8622377fc50ff042e098ce257313baf8222d3f94c42086be
service/packages/mcp/src/join/icon-map.ts,packages/mcp,production,237,bdfda916f15725dac6d414b7d289e7cf45679b6462dc8848240e0b07eb164f15
service/packages/mcp/src/join/status.ts,packages/mcp,production,38,c2fc428cd5bfeb18b842887c6960b952e42ba5cb8e6ae98040c63f173febf125
service/packages/mcp/src/join/token-map.ts,packages/mcp,production,601,9cc07e12931b6e3aeb89dc8c1c2fd8c71537838aa3fa36a02a0c4f63a06d38c1
service/packages/mcp/src/lifecycle.ts,packages/mcp,production,66,331bae755d1a5027c2764143e9dba0467e98e496bc10c60c1b69e27a7448c06d
service/packages/mcp/src/network/remote-domain-config-store.ts,packages/mcp,production,1251,e966c34360ad4ced9625302a349252155d26714833f7f42b6423f319e26e0b99
service/packages/mcp/src/network/remote-image-fetcher.ts,packages/mcp,production,1130,e1c5bcf0b01662df2c74838ffab62d4da303ad558f4ef2659a1bcdd4ba378eed
service/packages/mcp/src/node-id.ts,packages/mcp,production,101,e124dac6f6ead4c1ce5fd890c2e111f4974b173f02773889de69dad4387bca04
service/packages/mcp/src/policy/approval-broker.ts,packages/mcp,production,327,87f8942e3e16f3fce9b444479e3dba891f71af87d425fa24118bc31ef4353e3c
service/packages/mcp/src/policy/approval-gate.ts,packages/mcp,production,13,228098d176d6be494ccf864477c943136060585a4b34eae2314c885c815cffa1
service/packages/mcp/src/policy/approval-prompt.ts,packages/mcp,production,79,eab1896fddeaf6333a35239ed2e3a09a518196d27b33a2041eb904bec9f15a56
service/packages/mcp/src/policy/egress-policy.ts,packages/mcp,production,164,61e69fde8ab96ea4d747b432efb581cadcd575d5867116bbc7083f5a66abf807
service/packages/mcp/src/policy/operation-policy.ts,packages/mcp,production,389,11c76bfaa8edfc3eb030cdb146e5e9e36be3124c5d28ab084523611b2c1a49e6
service/packages/mcp/src/policy/policy-engine.ts,packages/mcp,production,412,c1525abd4d4c9c199f055741d269281ed0e4626760c1a48485756692cb0cb9ba
service/packages/mcp/src/policy/result-egress-policy.ts,packages/mcp,production,405,df1b6246a0f7857bc21804a36c57c12fff4a8c64502ecc432f6a56b3553d2c93
service/packages/mcp/src/profile/profile.ts,packages/mcp,production,898,ccf0d6174fd4bf11c527142037c9ec3e74547ca170ea31f36f7c42eb8ae6188f
service/packages/mcp/src/prompts/code-to-figma.ts,packages/mcp,production,55,bed5e33fea583e01bf6852015205f6d8540c82d5837f9ddff44ac21b153fb8f1
service/packages/mcp/src/prompts/figma-to-code.ts,packages/mcp,production,79,604fd62a92b15cfc63b861f9c937449d64110d07618e2481a62cdf5c2a4bd48a
service/packages/mcp/src/prompts/registry.ts,packages/mcp,production,44,40dafa70eb3a1ef8742ad406c4948eb92e70cc1eb32e162871ff53f3b96f9110
service/packages/mcp/src/relay/relay.ts,packages/mcp,production,931,344bc00bb0bb217171cf3a5f783a4d732a0e4d6b3680d5ae9c575788d56c169d
service/packages/mcp/src/relay/session.ts,packages/mcp,production,158,f2fc235f4785460f3526cc3e5760bf6d179b0e961138ee76299657e27d5d3bd7
service/packages/mcp/src/runtime-paths.ts,packages/mcp,production,148,5a6f107d570f36a0f71b45b9863a2e35c9922f9818d7827724814d6ab405f48a
service/packages/mcp/src/scan/scan.ts,packages/mcp,production,920,fd4aa617c0c2936e3c6438429c9818d7b7892b8036484341cf6e62f7ea7a0a75
service/packages/mcp/src/scan/sfc-blocks.ts,packages/mcp,production,349,3d598a168655cc963d02b43dadeb92fc8b7704ee81b139c898628fda9fd659ae
service/packages/mcp/src/security/follower-auth.ts,packages/mcp,production,391,ead64222bed9dbdb9c0022a12b11a91307f29fcec8848984a9922f0f2acdb61e
service/packages/mcp/src/security/follower-transport.ts,packages/mcp,production,1057,e9599c7053cda26649101997ef44c575b094a05864b549d6bd3f2f4f8daa542f
service/packages/mcp/src/security/local-access.ts,packages/mcp,production,44,8d7950df141199eaa2cb5eb2d6f0ef9b0cbd74dee1f33aa3690df70fbf957244
service/packages/mcp/src/security/pairing-manager.ts,packages/mcp,production,1003,4762e292834092e0fdf86a7edf76edab4a05647584a031e4d89b862408b5134f
service/packages/mcp/src/security/principal-derivation.ts,packages/mcp,production,197,850f5ec5de1bd9af0534286051f9b9875ec2d7c34e1b0e80d9593b1bd2880290
service/packages/mcp/src/security/request-limits.ts,packages/mcp,production,132,8f3acd27dcb1c145eea703833c100d63133113d0844e6c5031c219fd1c3a7686
service/packages/mcp/src/security/state-permissions.ts,packages/mcp,production,786,e4dde1554bef8dd8f5e2c526b1f2a98956aae62eb5d55fabdc6d4223a2385e44
service/packages/mcp/src/tokens/css-scan.ts,packages/mcp,production,397,5b49cba66ed7406ee587c3684d7f5eb2eb54c20971ad4da25fd067ea55ea2642
service/packages/mcp/src/tokens/figma-tokens.ts,packages/mcp,production,197,dbc9dff4f6d9a792fc0fdd75a30a04142e51b1fa6906e227ba0dd0da5cc0d796
service/packages/mcp/src/tokens/generated-tokens.ts,packages/mcp,production,74,3f7f604e85cee75651a8d7cead855f8b064794acf8f76e44ec44778956ac722d
service/packages/mcp/src/tokens/hex.ts,packages/mcp,production,14,f7b969cea35055f7aedf4c777df01157f6c6db3e1b6acfc1a3613f5460dbb180
service/packages/mcp/src/tokens/js-config.ts,packages/mcp,production,617,78faac17de207a1b722341fba1c3dd5f8b7ac2d44ad4d3574a326d615bf07c56
service/packages/mcp/src/tokens/load.ts,packages/mcp,production,487,6692cd3367d4ded98f857118fe9e6cc0ea5bb5ecf3b14bd724b5b5a4aec7f93d
service/packages/mcp/src/tokens/repo-css.ts,packages/mcp,production,52,07e9c5058bfd08eda800098cdbb80d61d4bb5207577f3c8a0c837275a43c68d3
service/packages/mcp/src/tokens/repo-scss.ts,packages/mcp,production,66,bd14cd9fab0bf58d71c7f9e28f9cfb6f1e49929a2560b580c0abad01921fb51c
service/packages/mcp/src/tokens/scss-file.ts,packages/mcp,production,85,75ba0c0cc4b18f04242e24a443bd3ecb7716c251d0b82edbe5fe61fd78cd00b0
service/packages/mcp/src/tokens/token-index.ts,packages/mcp,production,191,e24683cc425fb12e926fec4c7a89f47472a763bbda6a0634f1c654be11c7e464
service/packages/mcp/src/tokens/tokens.ts,packages/mcp,production,254,0106f9a339f626b7789dbff509b56ef7abb750aa3bfaf9e72497582cf857370d
service/packages/mcp/src/tool-invocation-service.ts,packages/mcp,production,103,3f78d1e2c14754b209c492077dec51dbfe3e8d337e04e4041c1fa30dfb1f121a
service/packages/mcp/src/tools/add-component-property.ts,packages/mcp,production,32,67e779850993f0d4da2abe233eeaa7b3de824f191d7261c5fcc9d1027c142760
service/packages/mcp/src/tools/add-page.ts,packages/mcp,production,14,f032b5634ef2d5da12e992312c24391468b88264356b4fc510d30f864c34cc36
service/packages/mcp/src/tools/add-variable-mode.ts,packages/mcp,production,19,a2f7e69e4f808c0cda2b27bf20cf9a5e53a9ed846ff91db806310f25aece9d0f
service/packages/mcp/src/tools/analyze-project.ts,packages/mcp,production,46,575f8a34574f46fbdbe8cf8c78fbd406b122ab259c81b889895ea42420a2befb
service/packages/mcp/src/tools/annotations.ts,packages/mcp,production,33,cdba27adbfb69de0cf30173ad04e4e0110b9a176a0cfc30b8003e3eab51a28d0
service/packages/mcp/src/tools/apply-animation-style.ts,packages/mcp,production,25,384d6a87f4ad095cdb288f63bf36873560cdab3b3e619f2d3a301669dd949075
service/packages/mcp/src/tools/apply-manual-keyframe-track.ts,packages/mcp,production,22,9c53799569753f92e5c9b30e43cf6889491324f0d24eafe5be705a57f9c67705
service/packages/mcp/src/tools/apply-style-to-node.ts,packages/mcp,production,18,028b723bdcbe4512c0798f6f352cfed3f12a257a6996b93c0bd2d10cf1821516
service/packages/mcp/src/tools/batch-rename-nodes.ts,packages/mcp,production,18,f89034a5ae981bac9bba9ae3707744258b2e6146f0db3d813403c8a14bc39f29
service/packages/mcp/src/tools/batch.ts,packages/mcp,production,155,c8ce28bcea3bbd9661607dd94a671a326af1434b39eac3034ccb2bf3e794b2b5
service/packages/mcp/src/tools/binary-payload.ts,packages/mcp,production,78,a228779e62a3d89942b82ed96bdf39171ae86cf833b0319a2c3d1aa445d84687
service/packages/mcp/src/tools/bind-component-property.ts,packages/mcp,production,27,50a450b192ac95c032cea73fce961505147525bb26fdf96822a3127399464e23
service/packages/mcp/src/tools/bind-variable-to-node.ts,packages/mcp,production,24,aaeba1e64df466f984342b7ee18937706144329903f8f9cb11bd04d490714d7f
service/packages/mcp/src/tools/bind-variable-to-paint.ts,packages/mcp,production,33,c2db296753aa013a6c7d5918850531ded6330eb875da28a6037cf398b8a7b02b
service/packages/mcp/src/tools/binding-schema.ts,packages/mcp,production,35,9b57408b0eb8110eea61a7f9d645aad1fd095b86229866a394f5d5c75b75b8aa
service/packages/mcp/src/tools/clone-node.ts,packages/mcp,production,18,388ddd87ff78c3aeef04376f0d667f7a315ff0aa692456f12b5806e10e09ce2f
service/packages/mcp/src/tools/combine-as-variants.ts,packages/mcp,production,26,9230c89e54399cb3fe6d1f70e00b440612ef29875c2b33154889385c56813df4
service/packages/mcp/src/tools/component-map.ts,packages/mcp,production,148,dce2d6d160aa338ee6a5202e769624d1ac1d8025cd7f6a961dc83be305663891
service/packages/mcp/src/tools/create-component.ts,packages/mcp,production,28,4809c1bf64024eba5395ebc5927a2310877714166c55822d9e1fb57718ef9e8b
service/packages/mcp/src/tools/create-effect-style.ts,packages/mcp,production,19,d4e30cfbf15cccc0a497aac718a11904e1ab9a2f6c922b83cd039b5137a1b193
service/packages/mcp/src/tools/create-ellipse.ts,packages/mcp,production,22,47104f84a3a3f2acb66e286eb4df79e86ad6373c7aef7b514b501168eb6a87b1
service/packages/mcp/src/tools/create-frame.ts,packages/mcp,production,26,ff90243286688f3e74d787e98b1eec076a3ddb4dbce7be7ee79734570fcc8449
service/packages/mcp/src/tools/create-grid-style.ts,packages/mcp,production,20,17c9ad1a0f71426797d66c027940d5ba190b542cf69678b3853fdc368153c9e5
service/packages/mcp/src/tools/create-instance.ts,packages/mcp,production,27,2be2023ea21b049c941fbe9f9aa0b4e6fe9f00ff77052b1952cdb25f2857588c
service/packages/mcp/src/tools/create-paint-style.ts,packages/mcp,production,20,4637ce4a8ccc0fbe243882227df03bab96f38d0b5f3be8651119c5013a9e2fee
service/packages/mcp/src/tools/create-rectangle.ts,packages/mcp,production,23,f2e728b6d8baa412e1b9cec282b147e044935e1d67c41fb8eb628f9b1770ad2e
service/packages/mcp/src/tools/create-section.ts,packages/mcp,production,23,58b00723e799a8f5c69c3f1d0f59af87d5943807572c60a682f94d6ccbc31be8
service/packages/mcp/src/tools/create-text-style.ts,packages/mcp,production,34,b783f0453856bf375f9ff12d279312a94baf00c5c3d8c9a5bbece091c56b447f
service/packages/mcp/src/tools/create-text.ts,packages/mcp,production,22,1b256e19a2f576c2616219c58694c3d7827ed2acf1ff5e2b0b955b0af4f4766f
service/packages/mcp/src/tools/create-variable-collection.ts,packages/mcp,production,16,860f084b07c74ac1baed9aadfd6f567362252bd19a5dffbb3eb9dd067287bea9
service/packages/mcp/src/tools/create-variable.ts,packages/mcp,production,25,85dd5c0f99b6b7286a19f253e321e36b7ba80cc4f745f933507bc7e0de8a5aee
service/packages/mcp/src/tools/delete-component-property.ts,packages/mcp,production,20,de9624091e0705152280826ea1505619d9dd75084ce93e6b27cef9c91144faf0
service/packages/mcp/src/tools/delete-nodes.ts,packages/mcp,production,18,6011fcdf610a3ae3f2f3b17a9fc4ad41aebea0c61b4bb07e928765db0b10affc
service/packages/mcp/src/tools/delete-page.ts,packages/mcp,production,17,1498028a22b077edd5a0c1a4db0604642c59e15d4f515d919a5bb24e07b00280
service/packages/mcp/src/tools/delete-style.ts,packages/mcp,production,16,6c63c82c991b75642c36b042de1c862b73017e98472b7b9b53e12a42e49f6699
service/packages/mcp/src/tools/delete-variable-collection.ts,packages/mcp,production,18,9da157d65597a657c1c511ae0c6ada69d25c8421411273dc5081d5388d610cae
service/packages/mcp/src/tools/delete-variable.ts,packages/mcp,production,18,fb7d85eb2626028851eb043ce178cb89b008523a8ad825371650ea94ff493745
service/packages/mcp/src/tools/design-context-guard.ts,packages/mcp,production,300,b0e6ed4ed1e32cdc42cb803067f4a7c298b9abe02445bcf58cfdced7002abb9f
service/packages/mcp/src/tools/design-diff.ts,packages/mcp,production,304,190193979969d887d3a161b4ffe235413f3a2ce57f994bcc05e907b42f37ba58
service/packages/mcp/src/tools/detach-instance.ts,packages/mcp,production,20,7e04d60452d4393bf8dc76f60cad18ecb854842236ec6d189c0cf5acb92cd376
service/packages/mcp/src/tools/edit-component-property.ts,packages/mcp,production,29,19b4926e4b5f4d32a723e33a0d1047b212d7df7b9b7c1a6b7930a2e0d7439ace
service/packages/mcp/src/tools/effect-schema.ts,packages/mcp,production,30,579e0fe082921c6fd156a76f88ee3a78d3acf7972266db1d1773c7f96d216f98
service/packages/mcp/src/tools/export-pdf.ts,packages/mcp,production,67,be292db55b7c6a1d697b099520fef00d864195e8395b28cede2316968b072407
service/packages/mcp/src/tools/export-video.ts,packages/mcp,production,98,070710016bb24b687599deee2e8718a57f7d89e873e1edcc987c7991cf9929ef
service/packages/mcp/src/tools/find-replace-text.ts,packages/mcp,production,20,ee267778cf09774d4961e8224c56c4b77cc4db2cc4f7435e71888e134544f4dd
service/packages/mcp/src/tools/get-annotations.ts,packages/mcp,production,20,be6737d402ee79d1c0da38eed18257f03ca41abfac8bc88aa5ddf7983c2d16eb
service/packages/mcp/src/tools/get-component-api.ts,packages/mcp,production,23,53799296ecbb06e69e7a2803283a9cdd03862e003799dc1412a112c95a236d79
service/packages/mcp/src/tools/get-design-context.ts,packages/mcp,production,69,debe0fe3a43f8cfefa0644ff63149ecea75e142cf1d4c3a76b31fe9fc10a6630
service/packages/mcp/src/tools/get-document.ts,packages/mcp,production,13,95eb3c86a449a4d1b7bde095c717d96aa6ba306e916a90f3536f650c9502b224
service/packages/mcp/src/tools/get-fonts.ts,packages/mcp,production,14,18084eb6f3e11557b03f926438f07b7d69f3f9ccb546e192fa73ff8e248ccbeb
service/packages/mcp/src/tools/get-local-components.ts,packages/mcp,production,21,da03ca45bd7409d84d051a21d30d08b44d4c6229021ec3284ba54158c946db05
service/packages/mcp/src/tools/get-metadata.ts,packages/mcp,production,15,134d30a201389a379f8f7de9a9c568f3df95626149714881bd72ffe6c862c5a5
service/packages/mcp/src/tools/get-motion-styles.ts,packages/mcp,production,16,2c6a72465c48a8cf5f09f32e9ff868408fbd14af0bd4bc5b3d96ab58484ef070
service/packages/mcp/src/tools/get-node-motion.ts,packages/mcp,production,21,3df6e04db49aab8a5e3e3be285793181b98395d03ae7724176c25ebc3e440e20
service/packages/mcp/src/tools/get-node.ts,packages/mcp,production,20,9737081c007abf147e5b93d0e7ab2c3e8c4d5ada7870859b04ac3c605ec7beb9
service/packages/mcp/src/tools/get-nodes-info.ts,packages/mcp,production,13,4ea02d6b1dfac0064d3701a81f752a10abdbb759ce9bf899a75c22976b83daaa
service/packages/mcp/src/tools/get-pages.ts,packages/mcp,production,12,305ce7eb55a6a6cb5439560f4e77fc09ca1c99c18b72febad6a52c2ed024af07
service/packages/mcp/src/tools/get-reactions.ts,packages/mcp,production,15,22f0e5dd78612467117f71d75e27f2aabc2ba834d45010cce2bae26b941ee651
service/packages/mcp/src/tools/get-screenshot.ts,packages/mcp,production,194,332690741b85c005f3eeb958ea8657d072dfa4e7c22a4b717c99d45ae1a9cc02
service/packages/mcp/src/tools/get-selection.ts,packages/mcp,production,17,c23f49c420f2f98737ad5e6800b363e34e05328330c3db41ba6c37544b3aaf3b
service/packages/mcp/src/tools/get-styles.ts,packages/mcp,production,21,75d7edb96b8ad1c5b23bf53ea9ecd5fe2c9e4d9ab7d2c033f982f4ae30e7fdc1
service/packages/mcp/src/tools/get-variable-defs.ts,packages/mcp,production,16,7667bd5d98a9ae774fb03a1783550a3fcaf59ffc0989c8feb4212914298bc04b
service/packages/mcp/src/tools/get-viewport.ts,packages/mcp,production,14,332a6c661a8fcd06ab76f934ee05afe697d5d081bc194dc3c3d58f4e03241934
service/packages/mcp/src/tools/grid-schema.ts,packages/mcp,production,28,0f01518481034c524254f1f753d3c5691c0a3e8a5a2404af182e90cb689b57e2
service/packages/mcp/src/tools/group-nodes.ts,packages/mcp,production,17,c242067c34f9d1f7bfd68c21565cf4c75ef0ddf3c546f3430ef356fec9f78b10
service/packages/mcp/src/tools/icon-map.ts,packages/mcp,production,110,60644c9cc7b9839b9271ed1740f64f8697a630759f2762a8220696d401ac4f64
service/packages/mcp/src/tools/import-image.ts,packages/mcp,production,137,048e12d1b8101534e7ac6a241a59390fd140e4c9638dad01b90189f3797c33c6
service/packages/mcp/src/tools/import-svg.ts,packages/mcp,production,26,7d15e71c9d66f98d63b5aade99583e08033d4e239a24fb895acbe29fb1035037
service/packages/mcp/src/tools/list-files.ts,packages/mcp,production,14,7f804ebf9c18981d7e38c7c60621431c04eb0a70a2ac4e645d03e07c54fc41e3
service/packages/mcp/src/tools/lock-nodes.ts,packages/mcp,production,18,c47ae04d559ee9bc75ec2057422435bbdb6cd93d6a16f2b6539af3f777a5d586
service/packages/mcp/src/tools/motion-schemas.ts,packages/mcp,production,215,7f8d5521548acd09549cd2ca18826b32227d28bfe43660bb5dc0d80ccfc534f5
service/packages/mcp/src/tools/move-nodes.ts,packages/mcp,production,17,71e2c9ca403c4b3a7c9770b553cb838f6b447e3dc91fc6d15f8f3d60ca1bcb93
service/packages/mcp/src/tools/navigate-to-page.ts,packages/mcp,production,16,393f285aa6061dd1387cc08f6ac38ae509c7f785fa171ba6880554db7bae786f
service/packages/mcp/src/tools/paint-schema.ts,packages/mcp,production,47,8a30fa846d828a35780dcb871f7eaaf6438f0a67830d3a37e21efd3778656327
service/packages/mcp/src/tools/ping.ts,packages/mcp,production,237,7c7aaa4e7dc425003772cf4365166cc83f79d83dd6e161afdae1964725c6239a
service/packages/mcp/src/tools/registry.ts,packages/mcp,production,322,3ec4f38b5ed4340896b67e5b217022f9393f3df0f67eb1e34a6d2b7d4d382750
service/packages/mcp/src/tools/remove-animation-style.ts,packages/mcp,production,22,92aa69ccf121221176512cb595663320a62bfec9d8e1ce3df652e88ebaa6e94a
service/packages/mcp/src/tools/remove-manual-keyframe-track.ts,packages/mcp,production,20,1b09c0f45c9f362818a497a974d207187b9d4a048c64ae4d10f26ca909081842
service/packages/mcp/src/tools/remove-reactions.ts,packages/mcp,production,19,261a3f0405bcff7a8fdca023f8bcd22c0be33a7e8e7df7db32c46a70b7a79b8e
service/packages/mcp/src/tools/rename-node.ts,packages/mcp,production,18,454ee6b648260974b913314e13df84d42085efa8be159bf4c8e54562de507970
service/packages/mcp/src/tools/rename-page.ts,packages/mcp,production,18,313deba4eaf58fa7477d5f16e21195db89f77925087c6bed32648aad8c771ff8
service/packages/mcp/src/tools/rename-variable.ts,packages/mcp,production,18,9a790b9367cdd478947a54abb4c7a38824e4914f3cbb976186cdbb36d4c0b757
service/packages/mcp/src/tools/reorder-nodes.ts,packages/mcp,production,17,b973f2b8dc7b20e5ca028a863ca3897e4deb22561a50028d2fdac265f5330ec6
service/packages/mcp/src/tools/reparent-nodes.ts,packages/mcp,production,20,dd75b84b1f004a2c639ee0d5e3ba600bbc2d8efc9a68400c4b2f17e303702cb0
service/packages/mcp/src/tools/resize-nodes.ts,packages/mcp,production,17,5b491c17068f87d1a78895647add72a2d646a0d18b87d01caf5352ce95179f92
service/packages/mcp/src/tools/rotate-nodes.ts,packages/mcp,production,16,8ee9cac1c596ee4301c13f09c3524b1dc33155e21c31c2354175ab1492f078c3
service/packages/mcp/src/tools/runtime-registry.ts,packages/mcp,production,265,9274e13378f7dc026fa2b38b2379db141c1440e56d7b144ef15596cdab4fad29
service/packages/mcp/src/tools/save-image-fills.ts,packages/mcp,production,193,1b1397ae0e616469a28edbc1eeb51cafb36295a9739d1bbb6b7f6a307b9d0761
service/packages/mcp/src/tools/save-screenshots.ts,packages/mcp,production,156,66aac538495620dd6f685a3a53281953b168a2b8a7a8a1e22b945a6049bdd1d5
service/packages/mcp/src/tools/scan-components.ts,packages/mcp,production,48,2752f38c7d26c83f887a8c3d703e592778d64f506fd6a81fa82d059d48aa322f
service/packages/mcp/src/tools/scan-nodes-by-types.ts,packages/mcp,production,19,a248c30626159f8f8b1e4ffe3c15a96728e583cc3b80d76e023c1e54ecc3d491
service/packages/mcp/src/tools/scan-text-nodes.ts,packages/mcp,production,16,0c655751648b1742f433545401ed83fab93aad0e5be14b5b89501a7bb6e6310c
service/packages/mcp/src/tools/search-nodes.ts,packages/mcp,production,19,df6f17d2c8a4107b4ef004aa7394581d14fd73b4e7ec36b1d0724f190bd64d9d
service/packages/mcp/src/tools/set-arc.ts,packages/mcp,production,28,dc9f8ba201019a57bf884918c509fda5a481a8d07328d57fecd885a3d6e9a907
service/packages/mcp/src/tools/set-auto-layout.ts,packages/mcp,production,64,6880e0c640885b6a108dcfc7656c147108d749aeb4ccb8a152a2644789648f71
service/packages/mcp/src/tools/set-blend-mode.ts,packages/mcp,production,19,08eb017eba58127251ea6e9963f3eabd9571d31ea79945578d41d00fd0a64881
service/packages/mcp/src/tools/set-constraints.ts,packages/mcp,production,23,5b8f624b31cff2366bd4bf7af6a65ae9af823839b648630091c7c2a44d22e90c
service/packages/mcp/src/tools/set-corner-radius.ts,packages/mcp,production,24,0d5f5b910868faf236c5f22b07df7066c7003b3bec9aad41d8380eaa9beb9134
service/packages/mcp/src/tools/set-effects.ts,packages/mcp,production,18,416dabbb9112a9843782b4ddbc791c09e1346d16518d55e700920c59ba9e3f34
service/packages/mcp/src/tools/set-fills.ts,packages/mcp,production,21,4e6546df43a95b0398357a4ee4fcaf153347927ce5c72631470881df0ac532dd
service/packages/mcp/src/tools/set-instance-properties.ts,packages/mcp,production,35,7392a2e3e14fcf97a819324e624d142100634856b7042989496ab3d20b184ab6
service/packages/mcp/src/tools/set-layout-grids.ts,packages/mcp,production,23,29b4f8b8647517aa87ff503e773c813dbf1edeed16de5208500fcb78812e5435
service/packages/mcp/src/tools/set-layout-props.ts,packages/mcp,production,70,58d4c307c776b753006fe65b26a10b9e1b11dbcd8706bc2ba6f76522cdf662b1
service/packages/mcp/src/tools/set-mask.ts,packages/mcp,production,22,8c2e9ec171e01d47032b362c4af04a2766499d40a06f80c1a725c399c67f7194
service/packages/mcp/src/tools/set-opacity.ts,packages/mcp,production,18,e4a32d37f5f958b8fbaa8524c60b1dd2b79175ad942f8355c9d0a0c32abb2e99
service/packages/mcp/src/tools/set-position.ts,packages/mcp,production,23,d40997f325ed662123241c4b35c9090d50facd32006f4850781a20286c87788f
service/packages/mcp/src/tools/set-reactions.ts,packages/mcp,production,38,4e75cc456f991fb1eae2efae8830c2d8b358477755484bda8b38710a3cf1a30a
service/packages/mcp/src/tools/set-strokes.ts,packages/mcp,production,35,b165a2851701b2182dc732eea1942add9b8578f13b08b507f5244836821823eb
service/packages/mcp/src/tools/set-text-properties.ts,packages/mcp,production,74,90f0bc0248cde5a296159ca03232b951f713270d857726189defc7044b12a28e
service/packages/mcp/src/tools/set-text-range.ts,packages/mcp,production,79,40241b66143ca1a980ee86cb6283eb889a2800e35c082e485acdffaff0bd80e8
service/packages/mcp/src/tools/set-text.ts,packages/mcp,production,19,268e7b7d01e3c9dd82c699805bd811baf3ac99b3e4a46cba6855ae8e1186ac33
service/packages/mcp/src/tools/set-timeline-duration.ts,packages/mcp,production,18,3853c689e754cd985a54666a4711273ad81f0e34bcf421be89d412a9248c445b
service/packages/mcp/src/tools/set-variable-code-syntax.ts,packages/mcp,production,34,5e39c4b8b2242c6dd0165050cd4e49959c436cf8cc6043729b33c797358121fa
service/packages/mcp/src/tools/set-variable-value.ts,packages/mcp,production,51,c32f7bbee73bcd93e389c6d49b4fc97493c3157c43978f3398e56401f88e51ff
service/packages/mcp/src/tools/set-visible.ts,packages/mcp,production,19,3900aa9f49e9eabe20c775b6a3207b72739abf4c97cb0d10e59f4158b9f0482d
service/packages/mcp/src/tools/skew-notice.ts,packages/mcp,production,103,9938b8eaab01dae871f559e43ca82b51d9a8ceb7ea74ead09adbcf6e5f5589b5
service/packages/mcp/src/tools/spec.ts,packages/mcp,production,72,89ba45fda19a5ca7e49f229812c1b1a4079b9af1c63a95ad9efc6be44e1fd791
service/packages/mcp/src/tools/swap-component.ts,packages/mcp,production,18,10955c20e17ebebb68ae91a27eedb9954e6a4eef0313da6db4074397e91ce57b
service/packages/mcp/src/tools/token-map.ts,packages/mcp,production,188,d27d4b786aab33fa5a9c503c95e374556b54a5ef34efe782d9b979d5f698b58f
service/packages/mcp/src/tools/ungroup-nodes.ts,packages/mcp,production,18,a7c07719ad78d970c43e4256675c3a708b9ed1708d8d435116a825f46e40467a
service/packages/mcp/src/tools/unlock-nodes.ts,packages/mcp,production,17,2c494f6e7f1126f752142a6c9b35e674cc0589a157d94a3ed3f747ef8209c05c
service/packages/mcp/src/tools/update-effect-style.ts,packages/mcp,production,25,8975370099240618d3d90a026c87f15d790dc608213e6a9e9198fc939101aebe
service/packages/mcp/src/tools/update-paint-style.ts,packages/mcp,production,22,f996a19f6ec10f01e3f449f52cec1c70e1c310785c45b513e8497d55e9017ff7
service/packages/mcp/src/tools/update-text-style.ts,packages/mcp,production,35,4b5397fa854d88577ca440c545c60a95114c2845d16a75cbae39db13dfb19de9
service/packages/mcp/test/control/admin-audit.test.ts,packages/mcp,test,898,53e7190e799448dd3def7ee847cc81a24d97ce9a7cf1a642206cc2ed2f04a966
service/packages/mcp/test/control/control-router.test.ts,packages/mcp,test,685,014d998c13223e8a37386992944be58217d4d30750de5328c64c49e4c9abd91e
service/packages/mcp/test/control/control-status.test.ts,packages/mcp,test,43,4e2606421c83994d3cee6f5351bf42e3a689fcac0fbbebe16c3d959d9460cce5
service/packages/mcp/test/control/egress-control.test.ts,packages/mcp,test,262,118419f734c8961168fbdae936bd6f1c3c20c434a89496fe93b23eeeb5e439e5
service/packages/mcp/test/control/operation-evidence.test.ts,packages/mcp,test,184,7df410e608ff7e75ff430363702c583d6ab73f1a28c77794c0b4e7be13331bb0
service/packages/mcp/test/diff/design-diff.test.ts,packages/mcp,test,164,f4f9f82364f93eb9227abe564b31b78e7c3755e3a3e97d2237079bed88ce1b7b
service/packages/mcp/test/dispatch.test.ts,packages/mcp,test,493,cc00ed99b2848b95e7ae48cab91c60c0df56e4a786aae26904865501d077aa5c
service/packages/mcp/test/e2e/_helpers.ts,packages/mcp,test,208,bc37fb00521e1b76439c53e59920157b79daeec45678c31cb07c5aa8858caf2c
service/packages/mcp/test/e2e/get-document.test.ts,packages/mcp,test,106,9db9a1dd468fd6051c689b210459176c1bf875c11bb393a5045a73735cd99add
service/packages/mcp/test/e2e/get-selection.test.ts,packages/mcp,test,96,4e3162eb383ed09c76a486164adbdb14b68ae3018384362ad448e4c2be4a4db5
service/packages/mcp/test/e2e/mcp-wire.test.ts,packages/mcp,test,1130,a8373646026497ee2f84613ce58c884ce55a313aaa27c2b8a396a2dfb78832ab
service/packages/mcp/test/e2e/packed-operation-evidence.test.ts,packages/mcp,test,1231,1e4be5a4fb0e864415ca2219af7e2a1a824bdb723c76c25df06bcf71eeb3ae71
service/packages/mcp/test/e2e/ping.test.ts,packages/mcp,test,97,60c3a2fb43b26ddc454606da7baf6665f1b7e8e26841f09754da5ba3f6ab51cc
service/packages/mcp/test/e2e/process-lifecycle.test.ts,packages/mcp,test,228,76680676488fe0bb1aa9f7359e97ed3996be4bf8a3dd5f057cd5ca8388e7e03f
service/packages/mcp/test/e2e/read-tools.test.ts,packages/mcp,test,656,7604d3af3fefbf026f0a49a35ef5d3b0dab679651b7454f1e8b885250c1b2187
service/packages/mcp/test/election/control-route-registry.test.ts,packages/mcp,test,172,a62abc78b030af4daa249221a81a1c3d20d2862455e38686b871e8d6eb59c96e
service/packages/mcp/test/election/election.test.ts,packages/mcp,test,627,2caba67cf8572be7c15a8505b50577d9eb736fe7a30b831f7de0075e40155bdb
service/packages/mcp/test/election/follower.test.ts,packages/mcp,test,455,c1c7419d96119002b4b630cfd9eb9c505d723be8b554339bdaa424bc0425a5cb
service/packages/mcp/test/election/leader-endpoints.test.ts,packages/mcp,test,717,6380f908735d173948141097be14d14bac6b5d0e5595a657dedaa59d2590c257
service/packages/mcp/test/election/leader-lock.test.ts,packages/mcp,test,407,d1c14d5c2c35ecaf04ea5c6d2dd45bd2283337554b4404552c79ccfac3083525
service/packages/mcp/test/election/node.test.ts,packages/mcp,test,270,6a53a40cd311b67e855b228be38057fda77b67e0e7c7f627427280c2c69ea382
service/packages/mcp/test/execution/action-nonce.test.ts,packages/mcp,test,209,d6483c78e8043cc3e11986bcb2b27ad05fd857aeaaaea254f9f7de20d3280f23
service/packages/mcp/test/execution/approval-broker.test.ts,packages/mcp,test,157,79963f520253dd6dd04a5f27c9ac76b63c73109a4a31350b34e865145d554fa2
service/packages/mcp/test/execution/approval-plugin-port.test.ts,packages/mcp,test,60,bc9303ef33eace3aa01d53c649c1e687c4f35353657013f047ff84622b025030
service/packages/mcp/test/execution/approval-routing-matrix.test.ts,packages/mcp,test,53,2fddc3a941f2e22a71c30976fee3813fea232b80e5dee5a192648c0ee7403f7f
service/packages/mcp/test/execution/boundary-limits.test.ts,packages/mcp,test,167,92f673ff1ba757ee9305c649c997b23203998ab79859bea3dfa39c7c0813dbad
service/packages/mcp/test/execution/completed-result-replay.test.ts,packages/mcp,test,230,b21d6d08881b5daf9ffd663e62d2aed57593d0a4c628625e80ddf719bcb7d860
service/packages/mcp/test/execution/control-tool-call.test.ts,packages/mcp,test,35,3c4fd2481dc754b2339f3275c7a92179c64abcc43e5c425145a0fd382629bc31
service/packages/mcp/test/execution/egress-finalizer.test.ts,packages/mcp,test,445,ca807004b0acbfe9fad7ff3e2507421e9d5a2b1e702f1d2f16aa9bde295625cf
service/packages/mcp/test/execution/egress-manifest-store.test.ts,packages/mcp,test,476,41bd5d18603bcc18f0ba904f8dfaea67008d03c5b34b28c45f12969decc9dd1a
service/packages/mcp/test/execution/egress-policy.test.ts,packages/mcp,test,76,737a32b869de71473bb538a9a68b58cf15c1f9595e6043be818f1fa17dce2a23
service/packages/mcp/test/execution/execution-plane-lifecycle.test.ts,packages/mcp,test,1203,d0cf06d699d0d738570f5a44b9fea7a627dfbe3dc89b9841806fceca4337cc1b
service/packages/mcp/test/execution/file-queue.test.ts,packages/mcp,test,91,e563122675b6d94d2d775186d258d8674d498df59591bfdb00b6562fa8e591c8
service/packages/mcp/test/execution/follower-invocation-client.test.ts,packages/mcp,test,491,93ab8b2b2c043fa9fab74e2422bd77203daccf6adca674b8c6fa6ac11cc0d291
service/packages/mcp/test/execution/follower-stream.test.ts,packages/mcp,test,268,a69bf781ded98eaab104f26344898da251207c073a9324d2d851e5a5544295da
service/packages/mcp/test/execution/invocation-boundary.test.ts,packages/mcp,test,128,d50f63c8497df6e5eb295d5364b9a59c2d9a884c0d1ba0bd3b12b30553d865a2
service/packages/mcp/test/execution/mcp-selector-synthesis.test.ts,packages/mcp,test,76,274502c0b019682c0e15c343f9db1204b6ec787be64b76e5392ae17b2f75f5c8
service/packages/mcp/test/execution/mcp-workspace-binding.test.ts,packages/mcp,test,47,4b6c2678723f758f296bab7d16d655079a0970c9ba0e5ace9457458194393345
service/packages/mcp/test/execution/native-evidence-artifact-port.test.ts,packages/mcp,test,1144,4a0ba016ac67463498c84db16128b3bd11fc3d7ada49db795989a265a66551cd
service/packages/mcp/test/execution/no-direct-relay.test.ts,packages/mcp,test,38,f1f1fecf8b56110a65ce7f207cfa9de98c112985fd14093d70d4645f7f869e28
service/packages/mcp/test/execution/operation-evidence-projector.test.ts,packages/mcp,test,83,7735a45d95d3e0ef2ab11d562862a8203977159eb3fa1eeda7b67bcd349a18dd
service/packages/mcp/test/execution/operation-evidence-receipt.test.ts,packages/mcp,test,527,4a9204a5aea66be5ccfa51eb53fc46f371022e981735ee339525f0a1e22712df
service/packages/mcp/test/execution/operation-executor.test.ts,packages/mcp,test,2161,eacfcc94da0f122fc90ab5d0ba76ecdbf8d45f5d859b674d6b50421bd17e6e53
service/packages/mcp/test/execution/operation-id.test.ts,packages/mcp,test,100,2b9916d3f8f4458729573f81f4b9084d3cc3fb00d6aa0bc6df2dc0ceee522fe2
service/packages/mcp/test/execution/operation-journal.test.ts,packages/mcp,test,903,5f7240fb964adb25ff4ad8dee21ca4214172ce73be9c30b40d2f80ccfa114e6f
service/packages/mcp/test/execution/operation-resolution.test.ts,packages/mcp,test,82,130ce3a88454a158cc1627796408bb62c1b7c7a2f872776277d4d5d362307dc0
service/packages/mcp/test/execution/plugin-progress-adapter.test.ts,packages/mcp,test,71,d85ca2300b006a1caa369ab1c71a1d39c66edcbf2eb9ff818d711aec9d79bb76
service/packages/mcp/test/execution/policy-context.test.ts,packages/mcp,test,148,1b62074e63e9b2f022caadc2b0a5e2ca44c0acec894b3919591f4c48924593f8
service/packages/mcp/test/execution/progress-framing.test.ts,packages/mcp,test,129,282514e4a124064ff348a2f3af76adfc99bd0d4b29488640a49b7ffc231db9d4
service/packages/mcp/test/execution/progress-transport.test.ts,packages/mcp,test,349,5c9b8075a068c5386d5c0c4b9f2143f04b49acb5a3e97b7b08459fac11844b29
service/packages/mcp/test/execution/runtime-authority.test.ts,packages/mcp,test,163,83cb689fe00db6c439976aa30783a8e2e0e5610ff2eb46e8203a6fad3fc186f0
service/packages/mcp/test/execution/service-operation-name.test.ts,packages/mcp,test,32,9e7c2802b455aa95f0c3c3dacd633ff6c682ff2eac385825780cdebcc0a0d8e5
service/packages/mcp/test/execution/service-operation-registry.test.ts,packages/mcp,test,51,7ccf1cca10cb66fb1b270dbb896f68aa2134086a9b5d72378f0041e43e0f8a6b
service/packages/mcp/test/execution/target-requirement.test.ts,packages/mcp,test,53,d2d15e2264ae8fb9c651e9df0426221a7774bb1b4d1ed1f5842098b890fe0750
service/packages/mcp/test/execution/target-resolution.test.ts,packages/mcp,test,71,eac1246a0197ada9b0ce3df952b03fce144f91aca5f85bcecfb8b5a3fe82e479
service/packages/mcp/test/execution/workspace-endpoints.test.ts,packages/mcp,test,113,cb77affdade76566b7e9b65d619f67287bfbd64d9dab74ee0233534a36b1c045
service/packages/mcp/test/fs/atomic-file.test.ts,packages/mcp,test,627,68cdfde5550dbab3540f5138aea78176ffef4880db7a8fa620b0924a18b38e9e
service/packages/mcp/test/fs/local-tool-boundary.test.ts,packages/mcp,test,420,7a1f6a42b31af04e74c529e6183df67b2977b399510ae05c4a933618c1406598
service/packages/mcp/test/fs/operation-evidence-artifact-store.test.ts,packages/mcp,test,2317,232229d7185f6faa2401c275c28b30f356c530abae02003fda76cd63ca7b576a
service/packages/mcp/test/fs/repo-walk.test.ts,packages/mcp,test,224,c1437d0a383fd265294266e081e06e9f8aed2e76b2e5316b54b53980155a5dd3
service/packages/mcp/test/fs/runtime-paths.test.ts,packages/mcp,test,772,f5faccbd5ec914f7728e5a9d11680396b0dba3006910137d8bb870247e4d8662
service/packages/mcp/test/fs/shared-dependency-boundary.test.ts,packages/mcp,test,72,1ea7bdba4a3f14d5d0c904e8e5b672c97531dc3667d99c41c9ef3fd114ad6b44
service/packages/mcp/test/fs/windows-directory-lease-broker.test.ts,packages/mcp,test,349,eaad9da030648cc28bae9387047d21ce562054c972b76a25ea2faefe9b542e4e
service/packages/mcp/test/fs/workspace-config-store.test.ts,packages/mcp,test,609,7f82a5cc74b198b084e8e569910d979735b8fba731cfe5b134454ae48ace048e
service/packages/mcp/test/fs/workspace-policy.test.ts,packages/mcp,test,546,a83cd37e0ae40fc6c28d17219bb8ee59e2aa35c3c4a815f824a5ecd2262d4628
service/packages/mcp/test/fs/workspace-registration-atomicity.test.ts,packages/mcp,test,168,ce6ebb867341b7dc2375ae408abc0242a439ac53f8379d0c0cfbd00558a769c9
service/packages/mcp/test/fs/workspace-registration-resolver.test.ts,packages/mcp,test,40,4e3bb73a2f82a8c168c573277aebb6962029d21ecbc97a806bad3da3da0d2dd5
service/packages/mcp/test/fs/workspace-usage-guard.test.ts,packages/mcp,test,61,a175d18ce6695e6eb869d45b81746e366caf3f676fce016d647846175ad8321b
service/packages/mcp/test/icons/repo-icons.test.ts,packages/mcp,test,96,7bf91bb6ce3285edd707f15e34d793ccf9bd3ed5832e313b278dc7444948b8ec
service/packages/mcp/test/join/casefold.test.ts,packages/mcp,test,38,0c791f0320e2854e5473563c598db87b6c124d5e177e1d7014cb2ce16677830d
service/packages/mcp/test/join/component-map.test.ts,packages/mcp,test,445,f092ad4273b6bd05068d7cc3851469e39a82cee6c106757dd8c232eafe9bb9f0
service/packages/mcp/test/join/icon-map.test.ts,packages/mcp,test,196,92df211b14bed9ad81f1bebd5a73400fe493bb06d49e8bea9394ff0b4e1bbd8d
service/packages/mcp/test/join/status.test.ts,packages/mcp,test,42,44c2d3bde73779b937d145b56cfe7e516002f6eb01b12df8cfdcf9e6340c7a6c
service/packages/mcp/test/join/token-map.test.ts,packages/mcp,test,599,d2ae7fde616a291a77d6f270da0d4988a88285031fb569c95576b9b9583cd69c
service/packages/mcp/test/lifecycle.test.ts,packages/mcp,test,156,98b02f1a587685d10df512f212ebf005f3771b1a718c4abc6b4160bcbb461984
service/packages/mcp/test/local-access.test.ts,packages/mcp,test,111,a0726e32a0c039b667417f17ccda463821437c9b794e386f16e21d56773d5b09
service/packages/mcp/test/network/dns-pinning.test.ts,packages/mcp,test,150,dc8179e90c99ecf9a554262a857dab6635afb41289f62bd27bf97abecffc0620
service/packages/mcp/test/network/import-image-runtime.test.ts,packages/mcp,test,688,a556c3138d10a4f49bc51a035c2ac5e6dc6345e92526361b0784f6244d1a15b1
service/packages/mcp/test/network/remote-domain-config.test.ts,packages/mcp,test,837,b4e51e3fbe82a843adbc88768d296056b4d932faa9145e4a788e3f8af50654e7
service/packages/mcp/test/network/remote-image-fetcher.test.ts,packages/mcp,test,1354,fb13c9844703d88c27af1cf144cc0bbb1db4ebc3bb21d979ee8c4267433ce105
service/packages/mcp/test/no-binary-sources.test.ts,packages/mcp,test,38,d10d0efad416b7cb9e1c2461bbf212cab33d1de4130133cbc79d61210ccce433
service/packages/mcp/test/node-id.test.ts,packages/mcp,test,132,fe5cf453d3e0b74e6bfd5a0f99a02aa44b45f976212d825db1d2c49ab34aebd0
service/packages/mcp/test/plugin-contract.test.ts,packages/mcp,test,239,5187d71679c5acafc31e93a0fdd3745d2c7d18bde04decc7edbe14682fd34fde
service/packages/mcp/test/plugin-contract.ts,packages/mcp,test,212,f23981d67f9dfc9cfd58ae3d1ba1fa0305e28b61c81317fd6fe7202648cbe48a
service/packages/mcp/test/policy/egress-config.test.ts,packages/mcp,test,215,cdd9eb5cdb0f5b5802700b2231cc7678d0fd8b4082171a19ba900f4a37937948
service/packages/mcp/test/policy/operation-policy.test.ts,packages/mcp,test,559,4c1731b7e7302ffa4d0b2b106e5915afb4962b69e4c65eb4c1d4686c929ec7c4
service/packages/mcp/test/policy/result-egress-policy.test.ts,packages/mcp,test,418,e4bf3a9dcf03cd727e441427d217673660a767d6e14e2e949d2bb3648ee1125a
service/packages/mcp/test/profile/profile.test.ts,packages/mcp,test,730,ec34d02acc41e9e89d848c4e3722d70c5e13f33fba9323bf0226df3d98fb3248
service/packages/mcp/test/profile/styling-cascade.test.ts,packages/mcp,test,162,1574c214d8e1cea04f16fde17070356d23cf250364aa1e36aea9a99cfc727823
service/packages/mcp/test/profile/utility-first-single-source.test.ts,packages/mcp,test,71,9ac1c946463a41d1f5dc6141d1c0104254b6fb0e2b1d5b361efd17b23d75dc0b
service/packages/mcp/test/prompts/prompt-tool-names.test.ts,packages/mcp,test,35,734f984dcdff8159def7b33b1c22d75645e87807b0671ada47aa1adb36c94e16
service/packages/mcp/test/prompts/registry.test.ts,packages/mcp,test,56,ddd5a0297032b3bd1c4d8dc872eb235f5bf201714c39d516fe9dc1d7be39299d
service/packages/mcp/test/relay/relay.test.ts,packages/mcp,test,1218,f98a5da565650100650adf0aca998657dba183fb0d098fe9bb176b593a28d76c
service/packages/mcp/test/relay/session.test.ts,packages/mcp,test,90,72a9133ddc56e00b9a761979d000caa94a82e16c39ad94cecfcae67fea31bcd0
service/packages/mcp/test/scan/scan.test.ts,packages/mcp,test,756,b69d22668811bf2309cbffea52b8c5a800337e42f5edc89d4bfd8f1c8c6f9abb
service/packages/mcp/test/scan/sfc-blocks.test.ts,packages/mcp,test,235,c64fba9a8cfb847a222f0f887d52785a962bba577ad26c992fccc111e13631be
service/packages/mcp/test/security/control-auth.test.ts,packages/mcp,test,686,2ab1c73283cd1bef3cdf8e722e1c250e133bb379cd67d1e87c8fe9941dc365cf
service/packages/mcp/test/security/follower-transport.test.ts,packages/mcp,test,1230,155b95cbd15bd1518bacc1da0ab0d8b81447ccc02d6a20ba80b4e0be2ee1be5e
service/packages/mcp/test/security/pairing.test.ts,packages/mcp,test,1389,75ba46eb2eb08d3ab284e0a9773b23e5e314891e9b9a33680d4d0e2fcff0e551
service/packages/mcp/test/security/pna.test.ts,packages/mcp,test,344,a0f944606cb5727b57bb63e91059c5cbeaf9d0a2b626ffda7fae7db20bcf2b3c
service/packages/mcp/test/security/request-limits.test.ts,packages/mcp,test,596,0859642b26a2224b3b1b9344347ebf5835100d220cd3a66b73f2e9af6b85a2ba
service/packages/mcp/test/security/token-rotation.test.ts,packages/mcp,test,286,95d50a8adb5085dd6bd1996af9db9e79e0d1b1369c3681063d01644897aee884
service/packages/mcp/test/tokens/css-scan.test.ts,packages/mcp,test,276,fd9575a7824eaafcdfc5e01836f6aa0fc1e875409bc404548b14cc86c1ba627e
service/packages/mcp/test/tokens/figma-tokens.test.ts,packages/mcp,test,453,0dd5137484e590664c665ccf16b949cbd87d88f6f758578851685965cbbb730c
service/packages/mcp/test/tokens/generated-tokens.test.ts,packages/mcp,test,105,64803a8ea439d944c95d898e9adfa13270f792d5502873bb9f4c268e7b0564a4
service/packages/mcp/test/tokens/js-config.test.ts,packages/mcp,test,659,018dfe1c39446b515ec062c79e66ee905618533b978a33a984fa9a6397ce9c50
service/packages/mcp/test/tokens/load.test.ts,packages/mcp,test,754,8a22369cf2303bfbc21cc0388d270c8f88ba6d5b12e1df5c92f2050ba06e4aa1
service/packages/mcp/test/tokens/repo-css.test.ts,packages/mcp,test,75,c615b55fc37cbbfdcfd0d920739aff2752b8f50ec7e84ec21aec7bd529bc08a3
service/packages/mcp/test/tokens/repo-scss.test.ts,packages/mcp,test,64,c481e71507df10fb9eb9aedc90aa3bca298591f0f582d4b167de1c72f975bab7
service/packages/mcp/test/tokens/token-index.test.ts,packages/mcp,test,293,924a10704e1c1e85601c25cc25d4bd652b006e1ede09a4e6deb8558cdfce70de
service/packages/mcp/test/tokens/tokens.test.ts,packages/mcp,test,197,a737b0b5bbc0742229fe32bf9a19e4a8f52acf4b29d2b3aa083891bf3ea02eb5
service/packages/mcp/test/tool-schema.ts,packages/mcp,test,23,41537dd476f6dd15a40dea9267e4751bdddb7b62b31219ba1bfba0e13917b799
service/packages/mcp/test/tools/binary-payload.test.ts,packages/mcp,test,87,31a2146e9b85d4375d642b20ec010c06c8fd50b3439039cc1ada7e3e6dae48e8
service/packages/mcp/test/tools/component-map.test.ts,packages/mcp,test,187,2e955b671e17652bc3fe378d6dedfa6d3744a73dbfd9e36a9f2f8f9d567d506f
service/packages/mcp/test/tools/design-context-guard.test.ts,packages/mcp,test,598,6cbb7dec08bcf46c6b13a00b3fec64b1f4c4f46d57c045268c15609b3380ac2a
service/packages/mcp/test/tools/design-diff.test.ts,packages/mcp,test,266,3a7839bd66a34f924af9154e2d63cb32d1ca83caea7b10389481952156dbe2c9
service/packages/mcp/test/tools/export-pdf.test.ts,packages/mcp,test,115,42c2eb3af050b22a870a9e76d472c90a4485e51d608ddc44745c0d4645784769
service/packages/mcp/test/tools/export-video.test.ts,packages/mcp,test,183,f58685c37d0b7ea4fd01fe05608f4ee05b5063f7da983a9d3319e8e74562de64
service/packages/mcp/test/tools/get-document.test.ts,packages/mcp,test,26,3e8b787036082b477b1762bba57fbe6b8ea65c163630043fdff3d0a7cd39077f
service/packages/mcp/test/tools/get-screenshot.test.ts,packages/mcp,test,211,aab861c44765c00c5504a153eb70e94a837fdad052d2920c3946878f2d4531fb
service/packages/mcp/test/tools/get-selection.test.ts,packages/mcp,test,24,d2263d88316eaf23f187dc1e9105a043bc13e18534b41fe915ac28e69969c33c
service/packages/mcp/test/tools/import-image.test.ts,packages/mcp,test,97,7d6518ef065175713d4880cc4586c7560178e858942d1641ecef77d830a96195
service/packages/mcp/test/tools/layout-tier-coverage.test.ts,packages/mcp,test,136,68a999dd06c3f9b53000a0b9408530a849d1b0eabce48151c2ed7d10f86c22fd
service/packages/mcp/test/tools/local-tools.test.ts,packages/mcp,test,108,0420e3a5b5dbc6a6107f072543437c9d8d335e31c24b984df36f0a3c98042b2b
service/packages/mcp/test/tools/motion-schemas.test.ts,packages/mcp,test,112,323268a47370992ce162252403785c8e7fb5e4148ca293f629d2ca029a80c6cd
service/packages/mcp/test/tools/ping.test.ts,packages/mcp,test,277,81aab8bc6fcc7379f353c992d005bc6d4789c46739b207618e0536e9c245fcb8
service/packages/mcp/test/tools/read-tools.test.ts,packages/mcp,test,193,e4bc78cb24738e7cbd297e7e854690c0bd590b6c3685e6348584d36c295ea292
service/packages/mcp/test/tools/result-validation.test.ts,packages/mcp,test,171,d6f719a80032e901e035d5961aacd2c2f6afd984f7e4b9ded3bf14002f074277
service/packages/mcp/test/tools/save-image-fills.test.ts,packages/mcp,test,282,c76f3c25ab73190f168a827c146640916021848e090cd91b6ff9e5bffbd8c2d1
service/packages/mcp/test/tools/save-screenshots.test.ts,packages/mcp,test,217,80bbf0555c9329b83c7a0c7e021c98e5fbc6c7618a58b357f9c03c47d6296332
service/packages/mcp/test/tools/skew-notice.test.ts,packages/mcp,test,205,863d239cd51af55618fa4cc0d016060ce7e9ffdf6e0b74293f5859fec0eb18b5
service/packages/mcp/test/tools/token-map.test.ts,packages/mcp,test,473,40e1a301b389e67b54bf362c41494b2e9aa58c600b11bfd9f908f80c2188f9a3
service/packages/mcp/test/tools/write-tools.test.ts,packages/mcp,test,284,9fd261f788f90b1a14407253fe9e32339d29203a4b0eb99bd0af3738026a8f00
service/packages/mcp/tsdown.config.ts,packages/mcp,build-tooling,21,b1204306ffcd2148c9cb8ed5cd1ddff890060e987744faecf8d7adcaaac0043e
service/packages/mcp/vitest.config.ts,packages/mcp,build-tooling,11,4d595389bf941d746ded5ac39df948d0fca57db88b3bff446127d3db96ad3896
service/packages/plugin/protocol/bridge.ts,packages/plugin,production,223,fd21269cf77dd5067abca7ac0204ee349e2d72fb9c600a526d98d660f7a21432
service/packages/plugin/protocol/editor-context.ts,packages/plugin,production,86,56c15002e5f0f880ed186c10057c45e07ca4ee7302d5e89909fbe055097b5334
service/packages/plugin/protocol/identity-seed.ts,packages/plugin,production,11,5e700bc4d4a9756e0131b62a33413f58aa790c41285e8e67788cd80a7892c314
service/packages/plugin/protocol/panel-control.ts,packages/plugin,production,147,96cda35f8956be68f9db23dc29feec3f3a3f17b04716cfdbde9a88cba5a5cf12
service/packages/plugin/src/cancellation.ts,packages/plugin,production,24,2c1ded0173baf42b78c5b20fbb796c947fd26d62c76a800312f963745e51aecf
service/packages/plugin/src/code.ts,packages/plugin,production,164,e147ca279fdbedd973ba9fcfd5f85e5e69fbc799ae51299b3ef197f4dc3d2a2c
service/packages/plugin/src/dispatcher.ts,packages/plugin,production,102,79a6f6b2658c8868c895db54d14c5809097088e454eb663df54e6d2416288d76
service/packages/plugin/src/file-identity.ts,packages/plugin,production,87,3078fb49bd14221bb8e8323ac7e8f4017908fcddfb118653787eed36366bfb5b
service/packages/plugin/src/handlers/add-component-property.ts,packages/plugin,production,81,9a5f0d4109c4fdfb9c9282f926d275007f26381f4790c4e060d35469c25d4693
service/packages/plugin/src/handlers/add-page.ts,packages/plugin,production,16,693dd9c3360dbfca5a04ff76a6c355162efcd9b2f52f1b66f23852b0521e0123
service/packages/plugin/src/handlers/add-variable-mode.ts,packages/plugin,production,40,5cff267c803bc632fbddba46b08bc42006650df3a31af34bdabfaf9f6cde202a
service/packages/plugin/src/handlers/apply-animation-style.ts,packages/plugin,production,37,39379a788eb76ec708b7ef7dd28c632f86ee305cc0b52c9be3cd7a543eb20352
service/packages/plugin/src/handlers/apply-manual-keyframe-track.ts,packages/plugin,production,33,839cd2b3a87c158ce8c8dcff7d168b37aa5c28074948cfdf47f38414129c599a
service/packages/plugin/src/handlers/apply-style-to-node.ts,packages/plugin,production,43,f700d9472e646e2d081feadbc97f94f40d8b20da3c92d7541fd5a2c9fadc223a
service/packages/plugin/src/handlers/batch-rename-nodes.ts,packages/plugin,production,27,656fe5ca0b4e29a6f757ebd4dcb4d12ad15808811c346a035e962c98eacd3fa8
service/packages/plugin/src/handlers/batch.ts,packages/plugin,production,494,4bc28348cc235f44def30cf9a4053f561812a96df3b5087d346ad8d5dc329029
service/packages/plugin/src/handlers/bind-component-property.ts,packages/plugin,production,99,1037e700208f069f03f6c05341a8a0397e683f8aa72ab8e1fb5d9b8a19e5d6a2
service/packages/plugin/src/handlers/bind-variable-to-node.ts,packages/plugin,production,41,0bc6e88f3c59a2cb0bf9e5cacfaf5e8d8704bc9e81dadc9f9a2c508b893c63db
service/packages/plugin/src/handlers/bind-variable-to-paint.ts,packages/plugin,production,60,5ad55923eff814f878553535b4c899da011cfa172db9a0de41ddfef96a8a2bd8
service/packages/plugin/src/handlers/bindings.ts,packages/plugin,production,274,6e659824452bc96dc9193977ee3b6000cb1984d893d87fbbb37206cd005f7997
service/packages/plugin/src/handlers/clone-node.ts,packages/plugin,production,26,bb479a54652bc57297fe899adc4ad7ca6d72fc56c50fc048ef42dd48dbfcfe43
service/packages/plugin/src/handlers/combine-as-variants.ts,packages/plugin,production,54,f61ea14b846fc6b33cd58e213f649ae49eb9cf2b6bf57cd1acf5a27e4e4315c4
service/packages/plugin/src/handlers/component-property.ts,packages/plugin,production,67,30f31a3049779b9caae04483efc364b84d9dcf6ea4df8aae01b85ff9dd50d092
service/packages/plugin/src/handlers/convert.ts,packages/plugin,production,104,5b0853932aa2332c2e11c7c0444841ad1be26af3c7a072c1db916fc22a8a6e53
service/packages/plugin/src/handlers/create-component.ts,packages/plugin,production,64,9a1423e66732032f41b516f1351cead21a7dc052045c86e7ab438ea28bc9789a
service/packages/plugin/src/handlers/create-effect-style.ts,packages/plugin,production,30,b91222ec59ecef45485051aa8fb7dd54aee0d4dea8668c49b9bf36fba354a98c
service/packages/plugin/src/handlers/create-ellipse.ts,packages/plugin,production,35,cca663f180290789e6bf5e2f6836b1d888cf1e0bbe81b7731970893f94091d62
service/packages/plugin/src/handlers/create-frame.ts,packages/plugin,production,30,198659b37a301ecd69e51c45c4d8d56acb29bc086f6fed72be50f0ccc890dff9
service/packages/plugin/src/handlers/create-grid-style.ts,packages/plugin,production,28,171e88d58b707bf268353a86d4fae97b11103608f099959967a16557cca0baad
service/packages/plugin/src/handlers/create-instance.ts,packages/plugin,production,57,588fee3691f7283996b7615e795e6509c3d1afe40059486b645cd322ca9bd996
service/packages/plugin/src/handlers/create-paint-style.ts,packages/plugin,production,30,f6604b00523eae7383e61adec4a311bfbd2e014534e8105da78fb638e547e4b3
service/packages/plugin/src/handlers/create-rectangle.ts,packages/plugin,production,28,ffc84d56accfcb48a826341a0d13adb7c7fab6388d1e2f84cf1614a3aa5c4104
service/packages/plugin/src/handlers/create-section.ts,packages/plugin,production,36,c3ab834fa62426518068265017190aa307c5983ab35c92808dbd09ff820afec5
service/packages/plugin/src/handlers/create-text-style.ts,packages/plugin,production,82,9877ec5177f63d0825ff4dc1990cd8d299f1851dd769cad118d2f9ef1666a1df
service/packages/plugin/src/handlers/create-text.ts,packages/plugin,production,31,c74a22c29236ea1d0de57ee456f9228e8d9b835b9f5e8b8abc646de1fd027880
service/packages/plugin/src/handlers/create-variable-collection.ts,packages/plugin,production,23,2965caf356f45c4c116df48e01347365602e86132771d0176429de84a60963b9
service/packages/plugin/src/handlers/create-variable.ts,packages/plugin,production,47,28690631d10f23da20e23004e32e7caa35c07729b3634951e6f98673a459b48e
service/packages/plugin/src/handlers/delete-component-property.ts,packages/plugin,production,49,9489870741cafea71aca1015c5fdfc2f52eb3c28048362254a081d64d85556a2
service/packages/plugin/src/handlers/delete-nodes.ts,packages/plugin,production,30,6af55c21bc4814a188ae143e49539e8a6e1f09bca99a7b3c8c526078910809ac
service/packages/plugin/src/handlers/delete-page.ts,packages/plugin,production,26,491d99d38b8285d4a2d943bd0a88f8a8a21dcdbb690405accb4f400bc869bfc4
service/packages/plugin/src/handlers/delete-style.ts,packages/plugin,production,19,ef541672ebc561314e3b38b0119718e4ed09a8a8b88425e5708b50ad8d623aa4
service/packages/plugin/src/handlers/delete-variable-collection.ts,packages/plugin,production,22,7063eb853c482b6a48c00914037c0a645619ed311acc5cd4ecf4d58e68231688
service/packages/plugin/src/handlers/delete-variable.ts,packages/plugin,production,20,712825fbf0a41959482f46b673b4a53b187ece68028c452b5d97f93c53a47b6c
service/packages/plugin/src/handlers/detach-instance.ts,packages/plugin,production,22,87be53d155b6eca3f1c0a82f9ab9ee6fa7cd2b89747cd7656ccd11419562029b
service/packages/plugin/src/handlers/edit-component-property.ts,packages/plugin,production,70,19a02d81557feb755c59e617c026d3deb1adbd8e65bcc50f78b710e0c2270f13
service/packages/plugin/src/handlers/export-pdf.ts,packages/plugin,production,41,b5b460de317787215d0cb172d26d5e4f0d3ab3f1ed3e4cb054c61583fb78a232
service/packages/plugin/src/handlers/export-video.ts,packages/plugin,production,81,8a5d6f7d3404d1417699796c5a0c68fa2e24ca22ab7d910682b0997293bba229
service/packages/plugin/src/handlers/find-replace-text.ts,packages/plugin,production,66,4d45f8587afe483bdd106ea0efcd6abb692dd181773d4d973fc08a09179d4cbd
service/packages/plugin/src/handlers/get-annotations.ts,packages/plugin,production,40,7cb02b5004f9972b92e78f00c999a4a4079e325b64648751641533d923686caa
service/packages/plugin/src/handlers/get-component-api.ts,packages/plugin,production,68,4e670acc2f5e0bc566ee7b11d9c53b136cb47b5a0e2823bba667fb7c2b58f2c9
service/packages/plugin/src/handlers/get-design-context.ts,packages/plugin,production,717,90b0e267dcd133ba71b725c1d0080d551536402ae809a15acb453bae79c8e088
service/packages/plugin/src/handlers/get-document.ts,packages/plugin,production,16,c692959036cc3b100ffb35187767903eae787c83d05f532499e3998accc5fd9d
service/packages/plugin/src/handlers/get-fonts.ts,packages/plugin,production,42,d2376dd05ac1e13f30a489b11ed08d337bead58d7add6e7af73bfe26b3aca933
service/packages/plugin/src/handlers/get-local-components.ts,packages/plugin,production,80,81c8b55f1f430da18c8b9a9381c09bb0f07188d09ee9715c4a431ad6a0b3e4a5
service/packages/plugin/src/handlers/get-metadata.ts,packages/plugin,production,17,54bf36cc491e0f82dd34dd95d18f0df767c9e83add3399124ffef076bbe12f8a
service/packages/plugin/src/handlers/get-motion-styles.ts,packages/plugin,production,19,b8bc9f27e5cb72551de56a8686e926b0500a72c4ba7508547361e17518bdeb26
service/packages/plugin/src/handlers/get-node-motion.ts,packages/plugin,production,35,14912d2102c31c1c9b539414f4a84aaaa173d22454cdd458469cba935fe2abc1
service/packages/plugin/src/handlers/get-node.ts,packages/plugin,production,21,711b192c9dd0f2e68ab5f576cc4f65744a399f2304b4b838d88d84bb1fe292b1
service/packages/plugin/src/handlers/get-nodes-info.ts,packages/plugin,production,25,f8188bcaeb4dacd6b63e9dd1d3ae4b01007ab50e1581b5d4c03f194c9e6b0ebd
service/packages/plugin/src/handlers/get-pages.ts,packages/plugin,production,12,0735c18dd7860dc168f23cc9f204e9db776433215fab0b30c729e9b878df085f
service/packages/plugin/src/handlers/get-reactions.ts,packages/plugin,production,58,361c446353eb11f8fb7f46333e6089c105b8b182986e932c40b5d9d664556c13
service/packages/plugin/src/handlers/get-screenshot.ts,packages/plugin,production,216,db3a77092dd90411bb9725397a1b93fc154f059e5218cdbd152c17b1b9a992db
service/packages/plugin/src/handlers/get-selection.ts,packages/plugin,production,16,269c42b445fd39e5391f63504096af619974f76a02ed6cc397c157f2db55a336
service/packages/plugin/src/handlers/get-styles.ts,packages/plugin,production,143,47ca8e16b649bf6aa37940507e12a17c631f58eefc0c03ce6a4a5f1b7031c03c
service/packages/plugin/src/handlers/get-variable-defs.ts,packages/plugin,production,81,c3a29f0e76dff2dbeebef811ec16a616a23ff12fca18baf219bb6979bdc360fe
service/packages/plugin/src/handlers/get-viewport.ts,packages/plugin,production,15,8d9bca82d003ee3548468019cfe6d62d2ad40188913a692a4ad3fc4f059315c7
service/packages/plugin/src/handlers/group-nodes.ts,packages/plugin,production,31,227732e6068f56065b64fce51da7bc54c60558f7e11ef71b0a45e46ef80cdd99
service/packages/plugin/src/handlers/import-image.ts,packages/plugin,production,55,b8250020c32421a46024333dc24e5b86a37caaf485c2e17db4121cccf8569777
service/packages/plugin/src/handlers/import-svg.ts,packages/plugin,production,42,ed0578ded3cfa77438a4cf5b0e873fa8276c752216ab1c73c5ab0d50b0457daa
service/packages/plugin/src/handlers/list-files.ts,packages/plugin,production,18,735bb716f07845b912a5afb9e40f2166c8f9151648a7cecbccfb883d7304c925
service/packages/plugin/src/handlers/lock-nodes.ts,packages/plugin,production,27,170bffc76373f497b927042931308ba17672372ebbd19d53a568bcda2d8ca871
service/packages/plugin/src/handlers/motion-shared.ts,packages/plugin,production,65,50be761b7971db18ec33c85b05f28e1c44723ba41e9ddd258d14a783626d1115
service/packages/plugin/src/handlers/move-nodes.ts,packages/plugin,production,29,5f181ade435cc0165c3cf59f0941c16249279ba6f5970cb9d25e4368c988ca5d
service/packages/plugin/src/handlers/navigate-to-page.ts,packages/plugin,production,21,f8b88bf7c09c1c80dc774b78543b9f5154d35f9dee0cfe1fd2e2c35d36d842c8
service/packages/plugin/src/handlers/ping.ts,packages/plugin,production,12,66b9fb6246cbb2fa0bdc9596984aef1d14f8adea726711e52ceada02f1842f4e
service/packages/plugin/src/handlers/place.ts,packages/plugin,production,21,0884f8b6b832c459be64e7a49740a9582574281772b54c4375d67024258e6e80
service/packages/plugin/src/handlers/registry.ts,packages/plugin,production,241,8aa7da8069cbd133185a074f450007a78d0010cbc5056a9b306ef2b5d996e4bb
service/packages/plugin/src/handlers/remove-animation-style.ts,packages/plugin,production,36,4f7ef3d1681703d7f48bdc6b22d5710492142dd12ec7edc94362bb0058e48320
service/packages/plugin/src/handlers/remove-manual-keyframe-track.ts,packages/plugin,production,25,61a6992c5289d84ae03901b90f6d5bbbb450369686092caf3e5d9dcc989faf9c
service/packages/plugin/src/handlers/remove-reactions.ts,packages/plugin,production,24,7330ca82eebfd8ceefed6b6fa50b65f63a22be866f60e86a922d4c3f26c5830f
service/packages/plugin/src/handlers/rename-node.ts,packages/plugin,production,18,ca409e364e0dcb28373a05d324128f901b724db9275cc00b2f09ff5400f90a7f
service/packages/plugin/src/handlers/rename-page.ts,packages/plugin,production,21,24511130670a886fda3cebd04fcf40e90b6932dc11d5f86f8fae6e1665b998a6
service/packages/plugin/src/handlers/rename-variable.ts,packages/plugin,production,20,b5283512d125d9bb64bbb66f4a877e4b80775fe59f82529e3ad13758339a4b43
service/packages/plugin/src/handlers/reorder-nodes.ts,packages/plugin,production,29,05648bdb7e8f1f6f1be60ceef64fd99d4b6a181040685c133dc1f9a5bbd098ac
service/packages/plugin/src/handlers/reparent-nodes.ts,packages/plugin,production,38,577897e5c377cd7ca70bba4a97cbed58de5126f7692b2eec34145b5b1283746c
service/packages/plugin/src/handlers/resize-nodes.ts,packages/plugin,production,34,abb5c1eab8e674e47abb4cae6140a47fb50e091879b6249fc0ab10b8063d612c
service/packages/plugin/src/handlers/rotate-nodes.ts,packages/plugin,production,28,ca696e4b13bc3eb158cb7bf44c0b4bfca1132d5731c87071be1114588d0c4346
service/packages/plugin/src/handlers/save-image-fills.ts,packages/plugin,production,101,7e060f650ff7fd5ef42024e81a3c402e00b5b64b2cbcfdfcf7a53a181c4c18af
service/packages/plugin/src/handlers/scan-nodes-by-types.ts,packages/plugin,production,28,0f91e331be8b9fb739639e0fa1626937ff081e482173e54d39f2c6a9e69ea177
service/packages/plugin/src/handlers/scan-text-nodes.ts,packages/plugin,production,20,36c3ac3ac645f476c65cce2f9712d81946662a95a912637a230de3cd9a09c01a
service/packages/plugin/src/handlers/search-nodes.ts,packages/plugin,production,34,e4cd89be4b35fd9fc3b8d5c2a6bfbd4c8f0bd99f1ab85df162a80d918f2759ea
service/packages/plugin/src/handlers/set-arc.ts,packages/plugin,production,51,69afa0b7f9cf6fd9cbe0fb082f187458032a32e83cc686a89db35db520cc6d0e
service/packages/plugin/src/handlers/set-auto-layout.ts,packages/plugin,production,101,b51373cc91e08f8c6bedabf257670d6e2610c4c3113366e5c9ceac1b44a6a2a4
service/packages/plugin/src/handlers/set-blend-mode.ts,packages/plugin,production,20,3a07b6feb22d88aa50db14f6a9fff1be38632fd29ab6dc26f91e3437b5cd9443
service/packages/plugin/src/handlers/set-constraints.ts,packages/plugin,production,31,33503f9be0dcde31bdc4e7fdab76f03ff88b78837837517ae9bfc01c9ed9c3e0
service/packages/plugin/src/handlers/set-corner-radius.ts,packages/plugin,production,53,9a4903be00fe4561ab2ffa340c30d8911881393a2359a7daa3511f4d19ad75e8
service/packages/plugin/src/handlers/set-effects.ts,packages/plugin,production,25,d22507b5555e426b71a8deac6980f7044791465b1a8f8ed9fbd8b9b6fc8e09b8
service/packages/plugin/src/handlers/set-fills.ts,packages/plugin,production,65,cdc23e218241d7e515196bae38d641d0e646e8612977f300b5c9c60d3636b7e7
service/packages/plugin/src/handlers/set-instance-properties.ts,packages/plugin,production,37,cdefe482c475635cd3618026b9ad5dde3391d883db21e85e73a48e240de709b0
service/packages/plugin/src/handlers/set-layout-grids.ts,packages/plugin,production,39,00c227a133c3b4fe620e35bf13759f2dc66fcc98a7603fbfd06c0fd39c309086
service/packages/plugin/src/handlers/set-layout-props.ts,packages/plugin,production,109,657c4127a2f1e0281d878b1b7bb2862d254f81e23da10ca73a111e1e106ea0b8
service/packages/plugin/src/handlers/set-mask.ts,packages/plugin,production,22,1260dac590984f9127cb6fa1d9dc23ecc4aabd7c4f5e4aaa11cb588fffa94c47
service/packages/plugin/src/handlers/set-opacity.ts,packages/plugin,production,20,a58383697024c679e4208b5bd7ae03316e91f942302dcc055dd4f2bb85833fc0
service/packages/plugin/src/handlers/set-position.ts,packages/plugin,production,52,e04fd995227311946b2bfea5bf00857806a2897ac6628ff0e0c045ac76aac9f0
service/packages/plugin/src/handlers/set-reactions.ts,packages/plugin,production,28,7557044b356af579ba05cd9e5dc67eca48bd47506e5d21d618d0d485416a4d9c
service/packages/plugin/src/handlers/set-strokes.ts,packages/plugin,production,69,ff0d0d748a0146032033c5b749258ecda5adcf1e559c69e6a70fe9dbe457c1df
service/packages/plugin/src/handlers/set-text-properties.ts,packages/plugin,production,105,4b8b02293528459af21e5aeac72610bd5ffb1dfe448130db607a4bf846da1b9f
service/packages/plugin/src/handlers/set-text-range.ts,packages/plugin,production,158,9a68fd0accc58c163e22aba1e910b2f4600366e562f089100b479d9f673317ea
service/packages/plugin/src/handlers/set-text.ts,packages/plugin,production,30,fb2bb7378184be94cf1ae858dbe18e2b732dc234cc6a90d25ed72d5641dcbd76
service/packages/plugin/src/handlers/set-timeline-duration.ts,packages/plugin,production,30,4d6fe5c41c8b4613dae671ebf63d6698959aed9f8345d1fa416d546f41fa6c9d
service/packages/plugin/src/handlers/set-variable-code-syntax.ts,packages/plugin,production,58,2cf40abaab196cac718e1a06b5a23fca4bdf2a3dd34ece8db02c289d634c8023
service/packages/plugin/src/handlers/set-variable-value.ts,packages/plugin,production,63,43b31778b6684787e3b0d77ef1dfd65d51e351643345af923fa67678b8eac6be
service/packages/plugin/src/handlers/set-visible.ts,packages/plugin,production,19,bf7da4cc52f01149ca95510253bcd23a5f362961702236026ea3fc0b6679235c
service/packages/plugin/src/handlers/swap-component.ts,packages/plugin,production,50,3def36e2628b1c19490c40ff882f36ea6f8c826e2b3378f34c5ca55d0919247f
service/packages/plugin/src/handlers/ungroup-nodes.ts,packages/plugin,production,25,e6c939c1948fee5da7ea7a49afa7b710fcc4c5fc453ffb3945b64297b58cef44
service/packages/plugin/src/handlers/update-effect-style.ts,packages/plugin,production,36,cff9f5ce20b958e7853029e44c79d3171577f9965c4f5b2808d5b4f9ca580bdf
service/packages/plugin/src/handlers/update-paint-style.ts,packages/plugin,production,36,81d2e4d9c028d120191987670a5b024418a00812693805124db4ee1754ff90eb
service/packages/plugin/src/handlers/update-text-style.ts,packages/plugin,production,73,dca934ced93d40165f22ca08b2950ef3bf873d479189ba418fefb23ff9cd57fd
service/packages/plugin/src/idempotency.ts,packages/plugin,production,70,8a579988c7a8ccc646b5ff8a1b1dd42e232c89aefeababa72c9d90388d517e9e
service/packages/plugin/src/panel.ts,packages/plugin,production,100,54e38cbfee755d676ee29698d160891563788a22d9f2abff316b6abc1ee386eb
service/packages/plugin/src/reveal.ts,packages/plugin,production,74,546388e51f73a899e3e7bb7064643d6f44b4a3450aaaa5c6e85a9f45466580b1
service/packages/plugin/src/serializer.ts,packages/plugin,production,845,235e3f9ffd06d853573ee3bb6303446aae6bbb725fd981ce286d78cd3ca4d5eb
service/packages/plugin/src/traverse.ts,packages/plugin,production,40,13f7eca89dcabe17da5a318c600c595a274a525bc72a31a7aecf2fac153abcb5
service/packages/plugin/test/auth/pair-exchange.test.ts,packages/plugin,test,324,63d8d98eb6cbd2e6925849934683f64d4c5d27bb1be7e9ee6cd081c7c489477d
service/packages/plugin/test/auth/resume-rotation.test.ts,packages/plugin,test,479,db70e6d21e21ac03458f3d284d3e32f80a5a5344031a574051697555709ad7a6
service/packages/plugin/test/components/pairing-flow.test.ts,packages/plugin,test,440,16bf2e7f2d4636610881cc9001d97e4efcdfb4f8055805e53901e2c68d3918aa
service/packages/plugin/test/components/panel-background-button.test.ts,packages/plugin,test,39,0ec584bd3b175bf1b87634f7ff46fe387ed589a14450adab28852bec33c8f6bf
service/packages/plugin/test/components/panel-chrome.test.ts,packages/plugin,test,132,566d055563f6c5223eb9662a3a09154a3a80f9cf503607084762ed0ab0082e4b
service/packages/plugin/test/components/panel-footer.test.ts,packages/plugin,test,38,71e79205e05cb139af0cb372b10d9790da32cc6e369eeaeab1ca9ca60ad20f04
service/packages/plugin/test/components/panel-status.test.ts,packages/plugin,test,86,546f1441a74e4ea06f802b1da94bfbc546495bd3dc1efc3539e56fa41915e6e3
service/packages/plugin/test/components/panel-tabs.test.ts,packages/plugin,test,59,c93a5e77c01d3f68fb9e3eec98f53b7f044ef34ca594ce5443bebb7184db4907
service/packages/plugin/test/components/tab-activity-row.test.ts,packages/plugin,test,284,d79fc1b3c3218733c5f6eab362c1590d82bd8e0da13826af64a0e636fa1342e7
service/packages/plugin/test/components/tab-panels.test.ts,packages/plugin,test,256,2a8ce1f7b999464e67635e15a035f4aa9a4ae230604750508370c0d9e63a6317
service/packages/plugin/test/components/ui-payload-block.test.ts,packages/plugin,test,108,7b6e2d8dbcb0958a7b1b87e27c7c0dbd6662cc2d95830f1356ff7a7d45975ef9
service/packages/plugin/test/components/ui-primitives.test.ts,packages/plugin,test,184,de246dbb20e2708207510ac543b5b27d1a6c7dcc369ed3118563ae55cc37e2be
service/packages/plugin/test/composables/use-panel-window.test.ts,packages/plugin,test,120,61bdf9147199b0ffab232f4c38a942048c000e0a9d6fb52377effe9d4fa872fb
service/packages/plugin/test/composables/use-relay-session.test.ts,packages/plugin,test,569,b4f2be26f2d8a50c4cb30b087e48911162799caf70ff260a0d9deca5f2932cf4
service/packages/plugin/test/dispatcher.test.ts,packages/plugin,test,180,476f2c4083234479ae2a314d5a4f65bc2bf1724244da69d4d925fc211f0b91ad
service/packages/plugin/test/file-identity-bootstrap-hello.test.ts,packages/plugin,test,52,3d1d00235b4fe50a41c01199ac211fd748b7cf63dc0f60ca6bb43327f10f099e
service/packages/plugin/test/file-identity.test.ts,packages/plugin,test,91,856bc5103cc31033963a35da754f786f22d163a5c230c53975ce8c0e42378ab6
service/packages/plugin/test/handlers/add-page.test.ts,packages/plugin,test,25,5390e6473b2471864284fe7c5956e38ba231ab3d7d2b952b714cd74be885df12
service/packages/plugin/test/handlers/add-variable-mode.test.ts,packages/plugin,test,54,2628d467a0b84c836af589428dad5dbea9b95f1e7441be4d4dbb22afa3645016
service/packages/plugin/test/handlers/apply-style-to-node.test.ts,packages/plugin,test,48,aeabd20d38fa2a92369357291f05a1f5ef1a550a8a6cda50268a9e1f81a212c1
service/packages/plugin/test/handlers/batch-rename-nodes.test.ts,packages/plugin,test,33,35acce2ceee7caf255d51739933becd61e9cedfa8a8c6a4761be47795faf4c22
service/packages/plugin/test/handlers/batch.test.ts,packages/plugin,test,601,1417702aa95089763ad43b4ef02a42ad849d87b8b77813536c2a07dc7c2c6f1a
service/packages/plugin/test/handlers/bind-variable-to-node.test.ts,packages/plugin,test,80,f868a27b65ce2c1f9e3099846eed2196f7c44718d293ecdc93bb81e1e4567e44
service/packages/plugin/test/handlers/bind-variable-to-paint.test.ts,packages/plugin,test,117,1096d4e976b6b3cb42456412eebb6e913917ae08aeab49e01d3d86dcd6c3e014
service/packages/plugin/test/handlers/bindings.test.ts,packages/plugin,test,287,07e93fb104a4ca1b2546278ee0d9bf378f0d30fcaa7005d207f95e25ecdaf172
service/packages/plugin/test/handlers/clone-node.test.ts,packages/plugin,test,33,fd434f686012d86efbcf542291bc23bf48af091157c71d2760cb95f4775b3b55
service/packages/plugin/test/handlers/combine-as-variants.test.ts,packages/plugin,test,79,d74f122fd672d80d86c1494b2b0dbc37f00c3ef6da0d697e144262fdc1759174
service/packages/plugin/test/handlers/component-property.test.ts,packages/plugin,test,270,6396417380ea7f7437fa57d3918d4ca0ceb4cb08191af5f5e1f8bdd9aded5b17
service/packages/plugin/test/handlers/create-component.test.ts,packages/plugin,test,86,713b6456e1b9adb882c0d0dc35a02f7dda1634b95a1abf928f615e8cd1b22200
service/packages/plugin/test/handlers/create-effect-style.test.ts,packages/plugin,test,92,41e4e7efd942e40943c2292a442ffd1ef7fa73b390b26a3e0ba8aa5f9e22d62b
service/packages/plugin/test/handlers/create-ellipse.test.ts,packages/plugin,test,63,533126c3abcc2c8bab826df8fd99ed7066c3835ea725f7a2ded4983168e40473
service/packages/plugin/test/handlers/create-frame.test.ts,packages/plugin,test,85,cce3af8ccb19e3fd30e7afeff8607d8d54989ffa10ff3d7e2ba6c3a439442a5d
service/packages/plugin/test/handlers/create-grid-style.test.ts,packages/plugin,test,88,8de46b71750bc242ea1abe152e7095864ed3188dd075624a2fd4b2218935ac5c
service/packages/plugin/test/handlers/create-instance.test.ts,packages/plugin,test,67,b7cfbdaa71033faa66b822b696a84c13cd8ea63c8851bd82c40ec70993767698
service/packages/plugin/test/handlers/create-paint-style.test.ts,packages/plugin,test,107,b50638f47e1433ba4b708b45694756f393b90d60eb0ed1c102a7e61cba7ad994
service/packages/plugin/test/handlers/create-rectangle.test.ts,packages/plugin,test,63,cf304b0e1d90500f9c6eb46e6ff6cfb2e46a99e68bb23784f7056627bf57a129
service/packages/plugin/test/handlers/create-section.test.ts,packages/plugin,test,46,56a30f26e33a5a9b5325560ddad837e26d0c0d38b8ced0d083ebae9be038af60
service/packages/plugin/test/handlers/create-text-style.test.ts,packages/plugin,test,251,f8c5c6332157ce3986ed28d6b71e7c846ccdfce3c66dcd602ea3066da64ac022
service/packages/plugin/test/handlers/create-text.test.ts,packages/plugin,test,52,cac7ca02f24be42e92bf2ed3731064439be36465ad3131e5b61610ed444f8323
service/packages/plugin/test/handlers/create-variable-collection.test.ts,packages/plugin,test,27,9bb93641b854e692531c3cc860f3be237ec02def66ddccb9eed1b600e0388b0c
service/packages/plugin/test/handlers/create-variable.test.ts,packages/plugin,test,83,552780fa0e76491902c2b02d3403da5b34f737b01d06c07abc0a55c6ae5051e0
service/packages/plugin/test/handlers/delete-nodes.test.ts,packages/plugin,test,38,1ad9dc80f13b7eab541f6fb17f80f1bb98b61147ffb09c5b7ba2c05cb4317d1a
service/packages/plugin/test/handlers/delete-page.test.ts,packages/plugin,test,41,d222f346be0c664915c3c4e933716d4b57cbb245591b29c8b137e4ede8733ed5
service/packages/plugin/test/handlers/delete-style.test.ts,packages/plugin,test,24,69952696eb1df964dc13eb6741d704ddb52923d23daa01d78a9698864ce7eaee
service/packages/plugin/test/handlers/delete-variable-collection.test.ts,packages/plugin,test,28,a33a235ec8f175bea240cfd223d32cf9c711c0d215c5dc454127b8adf2b67e86
service/packages/plugin/test/handlers/delete-variable.test.ts,packages/plugin,test,26,5d95acb855a96e616658c3748186dbfc128ae22bbc0b2ac24f3b3d418dc1c0c5
service/packages/plugin/test/handlers/detach-instance.test.ts,packages/plugin,test,27,3b9364df5383992f4512c2f165c02457ce4a1d1ec908de661e1b2584655666b1
service/packages/plugin/test/handlers/export-pdf.test.ts,packages/plugin,test,76,b60cf5a8377bd07da17afec14423a11d3c975071ba768a5982c936a9f4b95891
service/packages/plugin/test/handlers/export-video.test.ts,packages/plugin,test,125,e363ca71d90bcfb5e9aacd964b067d1946dc1a2169a2273ec2384cd2792c35e6
service/packages/plugin/test/handlers/find-replace-text.test.ts,packages/plugin,test,39,32c1f842aeb789290333073865cc8d365d6ae99d97f312da73eaf097fa617609
service/packages/plugin/test/handlers/get-annotations.test.ts,packages/plugin,test,64,7316512ab5534af663cf37f30ac9143fb03619dfcd183924b1784175317111e9
service/packages/plugin/test/handlers/get-component-api.test.ts,packages/plugin,test,96,33a64f98bbb7954987d33306510051d0f799fadcae094a35d9e871918c713061
service/packages/plugin/test/handlers/get-design-context.test.ts,packages/plugin,test,913,765f9237f3a3f9dfb58a2d8efb6fb3b9d4856aa7895fb95f8804fd9804f8c326
service/packages/plugin/test/handlers/get-document.test.ts,packages/plugin,test,57,e076d089c6c937c1cd7f3098c62b4a069f2ba232b25781e1d29292c5b259c8a6
service/packages/plugin/test/handlers/get-fonts.test.ts,packages/plugin,test,55,9f6185d63dad97dbda7f542e818cd3eefa8522cb4827a6ead89e72819c431fb3
service/packages/plugin/test/handlers/get-local-components.test.ts,packages/plugin,test,96,699170d886ef1d70123b548b0a435ef148dd62b80126f6ce30e7ddb56fc23b49
service/packages/plugin/test/handlers/get-metadata.test.ts,packages/plugin,test,76,93fca9723a2d915797ab3c4ee3fdea9c3b32d645f95c7652d7f794333f7edd27
service/packages/plugin/test/handlers/get-node-motion.test.ts,packages/plugin,test,90,2a458d12f8b12b60ae0f86169ca5098b9304426dae8d01732aa16e9dd064de10
service/packages/plugin/test/handlers/get-node.test.ts,packages/plugin,test,55,7673327a0bf931d50b544c6b0c9df746e40c003940e70a1b90c081e90155fb5b
service/packages/plugin/test/handlers/get-nodes-info.test.ts,packages/plugin,test,52,f969918f8f53e926ee018199e43cec93541f43302de83dfb370eba3803ae5f44
service/packages/plugin/test/handlers/get-pages.test.ts,packages/plugin,test,33,bbc0754bad7a75ddf356d7a623a9e73c28c54ddecfe5a001ffea02ce0e43ef07
service/packages/plugin/test/handlers/get-reactions.test.ts,packages/plugin,test,73,7b3dceb9593d3a4ed78ec67a94e030a50ce3e20b71a82ccd9f0f880fc3de5f4b
service/packages/plugin/test/handlers/get-screenshot.test.ts,packages/plugin,test,328,ef793faf8a1b01b57055e1bb737fd7cde4fa1d5c75ee418e189dfd1a04970697
service/packages/plugin/test/handlers/get-selection.test.ts,packages/plugin,test,55,95ba03cce69b86a3b29317db29de77d6959017f5efad6364453067bb0d9906d8
service/packages/plugin/test/handlers/get-styles.test.ts,packages/plugin,test,389,522b1c2ab6827840236265f386e11853881ddd479bfffe776f54c62708aa0c08
service/packages/plugin/test/handlers/get-variable-defs.test.ts,packages/plugin,test,209,e6e30c5e865213cb71c0f688bd091fa9ba780e7cab1eada9203306952b75a700
service/packages/plugin/test/handlers/get-viewport.test.ts,packages/plugin,test,22,89b446e710860419caf66498c6b1a673f977dcaeb8cc0ecdc1d5f6704ce1bd1b
service/packages/plugin/test/handlers/group-nodes.test.ts,packages/plugin,test,34,301317dea7f36ef561afe442238ae2143d44d6e2f9bcfb618b28cd9a0dd547c8
service/packages/plugin/test/handlers/import-image.test.ts,packages/plugin,test,123,90cb6995968848e5dc6f3862882ee29a0f59c281234f2fc96e9adbf9c7fb8d4f
service/packages/plugin/test/handlers/import-svg.test.ts,packages/plugin,test,72,39dd4a73a186974412e4aeb7c64390a515d30eb35b0d848f9f51eb9dcf119c28
service/packages/plugin/test/handlers/list-files.test.ts,packages/plugin,test,29,4cce290359bc73697ace593ff3b16ffc971e9cf2def7171fe6592270684a5471
service/packages/plugin/test/handlers/lock-nodes.test.ts,packages/plugin,test,34,e850fc904d302ac130a16fe5714901360805ac3f299495516cb70988ded386f7
service/packages/plugin/test/handlers/move-nodes.test.ts,packages/plugin,test,31,f8de9a938e1db6011d5613b8b5ef37a8df96354e41f3c3ec4f58b69cae55012d
service/packages/plugin/test/handlers/navigate-to-page.test.ts,packages/plugin,test,28,7dd5ec5fa973e735d188c916cbaf9edc373533702de8ec4120d6112b46ed953b
service/packages/plugin/test/handlers/projection-coverage.test.ts,packages/plugin,test,229,43ce7114bb30964e93a564ce765d4264784697eba6e2cfbbb793bb4921446b4f
service/packages/plugin/test/handlers/remove-reactions.test.ts,packages/plugin,test,27,a39746a3c6ab56f00c9d0a4140c3141bc4031bc1e9776d948c6bf7103f27dac7
service/packages/plugin/test/handlers/rename-node.test.ts,packages/plugin,test,24,7ad867469fd38f5c1a9ddb2a9f34329fcba3551cee9b359cdbba5e6e774e29e6
service/packages/plugin/test/handlers/rename-page.test.ts,packages/plugin,test,29,e2ced82bfac74605fa67ecd7618b41bed470447136923316805fbc65653c6ed4
service/packages/plugin/test/handlers/rename-variable.test.ts,packages/plugin,test,37,ded1e3934372272b1375bad2293c876df25256117ca74abd6a18c857fc08fcb6
service/packages/plugin/test/handlers/reorder-nodes.test.ts,packages/plugin,test,36,9759274fc355ff30403e053c9d8564a31f131ef785c59c1a0aa28bbadd95d99d
service/packages/plugin/test/handlers/reparent-nodes.test.ts,packages/plugin,test,44,730c294be10682dd6b1e5f5a081c78a8a92e20094895b2728b90ae7aafaffe1b
service/packages/plugin/test/handlers/resize-nodes.test.ts,packages/plugin,test,31,87a2b261347e52a6804cc8371ec5d87a41171c67286a5819aab54bf86564108d
service/packages/plugin/test/handlers/rotate-nodes.test.ts,packages/plugin,test,27,124da67f0c7b9d4d9b356a4bb2657aa17520a179edea2bd08a005ddfb34896c9
service/packages/plugin/test/handlers/save-image-fills.test.ts,packages/plugin,test,180,c2bc56e118c0ed0b2159d8c9265edd8132649fe9a1aa4da1419cf6fa9c1dd0d4
service/packages/plugin/test/handlers/scan-nodes-by-types.test.ts,packages/plugin,test,45,db1b899c163880b7486c0d74a072943e50ec6f8f6b2348ff546dceb58bdcfabd
service/packages/plugin/test/handlers/scan-text-nodes.test.ts,packages/plugin,test,62,04751b82d2faa0b8191ba4403c78f65bbbae423d7446c65b28e5117a163d92b2
service/packages/plugin/test/handlers/search-nodes.test.ts,packages/plugin,test,76,f2fd883b84432637130b75fcfd69f35a0cd813a316ed06c63202eb0ed4043280
service/packages/plugin/test/handlers/set-arc.test.ts,packages/plugin,test,42,3320bec31b4a31730d57c691743c52afc1ba257cf1e3b4ac57b635c1a883fcef
service/packages/plugin/test/handlers/set-auto-layout.test.ts,packages/plugin,test,157,978465f8ba9ca10a532714ed17a519d3927690c805858acf51f91674056909a4
service/packages/plugin/test/handlers/set-blend-mode.test.ts,packages/plugin,test,25,e73f32f5031d8d88bc7298896f2da7c8f5c2397fa48826e9dcfb6755af10e2ab
service/packages/plugin/test/handlers/set-constraints.test.ts,packages/plugin,test,33,45d7aac67d047420910c8917a98d6e0087e7700c4648dfce087457aeebbbad6b
service/packages/plugin/test/handlers/set-corner-radius.test.ts,packages/plugin,test,64,30a98e25014b5e1d3ee4ac48017b43a47cd2a5445fde7f64f127ac030f3b2008
service/packages/plugin/test/handlers/set-effects.test.ts,packages/plugin,test,74,522659bf24289d8047d4526a73941554f7efada3a403e5d239fc1567b7a6166a
service/packages/plugin/test/handlers/set-fills.test.ts,packages/plugin,test,127,a3b9bdff4e8cf71b10105356e784e41a4d633ef54ddbeab38ef97fe95f73b30e
service/packages/plugin/test/handlers/set-instance-properties.test.ts,packages/plugin,test,49,00b174b209a26dcd0a5e9e6e9664a388f1b01ec57b25dcb0f1594aad27f7c4dd
service/packages/plugin/test/handlers/set-layout-grids.test.ts,packages/plugin,test,132,ab2bd9b2d0b8fbeec0fe7bb27f1199fccab27a66e6318a8f178313819b919712
service/packages/plugin/test/handlers/set-layout-props.test.ts,packages/plugin,test,141,0c56feb358b6940d23abf514a67659749c175fd3fac4c63b2fd8251c66d54f42
service/packages/plugin/test/handlers/set-mask.test.ts,packages/plugin,test,37,1dd31148878239b5373e0f276e754be4dd0b0eee9c7f159a5d11d58c80b92e60
service/packages/plugin/test/handlers/set-opacity.test.ts,packages/plugin,test,25,b38ed11a0e6fa32aa0a9267b73271c9e0cd48207a4ef078a9fb99db4e90d6bb6
service/packages/plugin/test/handlers/set-position.test.ts,packages/plugin,test,81,89491787582b9c72b934691b4e5ac2343a8206eb84fbfd39da84c34c27f2c98e
service/packages/plugin/test/handlers/set-reactions.test.ts,packages/plugin,test,45,098eb41292f741273654a87e2f3bbc2a9b8890423e0e61a80f0639345a8d189a
service/packages/plugin/test/handlers/set-strokes.test.ts,packages/plugin,test,106,9fa25045c125496430d0ba740c67eaaf8b260fd1399a1e499e6b2b639c3c1c1c
service/packages/plugin/test/handlers/set-text-properties.test.ts,packages/plugin,test,178,3ba80e8794b543f0c44c018ddc862270b4506992387605da5ed5e7681362c3e9
service/packages/plugin/test/handlers/set-text-range.test.ts,packages/plugin,test,289,be7b9c8a14ffc40aca1dbbef42e42d7a4fda5700bcb283441b141b0036ca4fc0
service/packages/plugin/test/handlers/set-text.test.ts,packages/plugin,test,60,5bf83b76a1b0d7f610e7c594c0e39f20e30aaed156e352bbcc9747ef2c5ca8ca
service/packages/plugin/test/handlers/set-variable-code-syntax.test.ts,packages/plugin,test,87,868ca5c55d56a87ed634f7c41b279e35cb8dca4c019b42e83ddb59c063bac83e
service/packages/plugin/test/handlers/set-variable-value.test.ts,packages/plugin,test,148,db023ae18ae927bf3766d9b454b3d83c7dfdd5818ee0409ecb035ea98c5282f2
service/packages/plugin/test/handlers/set-visible.test.ts,packages/plugin,test,24,dd8540871471819acb659a967b0723370b6fbff0c82ff5d7636587fb5585621c
service/packages/plugin/test/handlers/swap-component.test.ts,packages/plugin,test,74,3de3e1c14414593fcccc9a2df098580e390301f890818073e958ba606e38efc1
service/packages/plugin/test/handlers/ungroup-nodes.test.ts,packages/plugin,test,29,55a7700f5c96b5809bc461f7826aea3e7e0963605d27ec51af66d90efea47292
service/packages/plugin/test/handlers/update-effect-style.test.ts,packages/plugin,test,70,9b5a02d4f463fcf8dd857d89b5d7d12db156d173c726fc25e179fac2b2b9027b
service/packages/plugin/test/handlers/update-paint-style.test.ts,packages/plugin,test,86,cd9f63537c663c9c92d06578444ad604ffaede60352deaa9e6b76b01b01e802e
service/packages/plugin/test/handlers/update-text-style.test.ts,packages/plugin,test,166,e38a86bf98caff4e22369c9975f851527f71824c9c835280e636f6ed345001ad
service/packages/plugin/test/idempotency.test.ts,packages/plugin,test,140,d318d4a4fed8b7fd8cf0e86e0dca69b8cccda1f6ca01847626616a7915c7c27a
service/packages/plugin/test/lib/format.test.ts,packages/plugin,test,70,79367db316b95cf5517ac57a12cfdd1101a7754dfd354b66cb362673bf677c7d
service/packages/plugin/test/panel.test.ts,packages/plugin,test,242,039f065ca0584f7d8ca65f36c738f261bf2c08dbdb4c01e05c33a0d6faa5179d
service/packages/plugin/test/protocol/bridge.test.ts,packages/plugin,test,137,65e990ce461d85965f8aec2da22baf3e4a24bfbd88830c323ed1e0a78629e1a8
service/packages/plugin/test/protocol/editor-context.test.ts,packages/plugin,test,85,f2e197f4a11eb98f06e5ff1d798458961e72d653703c954484e8565701d7ca3a
service/packages/plugin/test/protocol/panel-control.test.ts,packages/plugin,test,119,a624808f68e1127067b9cfb03d5da4609d476848b8e432589cd5e42a71a38bcd
service/packages/plugin/test/protocol/progress-cancel.test.ts,packages/plugin,test,58,175574bdc856a9efc9b20649bf8922ed41ac66dbb4a4b5766961f0e1974428cd
service/packages/plugin/test/relay/client.test.ts,packages/plugin,test,1357,695a4d445c9d0d15d96aeaa87879e79100151efb870323533765d9c989bb246e
service/packages/plugin/test/relay/diagnostics.test.ts,packages/plugin,test,121,3296d587dc070b03e8cc6d0f1fbf1c99fa638a4bf29b85bc5c02fc5810ba4581
service/packages/plugin/test/relay/node-ids.test.ts,packages/plugin,test,79,dd3a052be7c3c1b2aed5225622a828be72a6cc8930d74268eef776e28555d1d3
service/packages/plugin/test/relay/payload.test.ts,packages/plugin,test,63,100efd8510c640e4c8c344e13f1b90aaed00e4d50a25c966244684cdf5d7bd46
service/packages/plugin/test/relay/state.test.ts,packages/plugin,test,161,e2999f5defa5365dfa99daf553c36bddfcaf03531b22e65c960eb4c23bf8ecdf
service/packages/plugin/test/reveal.test.ts,packages/plugin,test,219,44685b888dc68f82ad293754a9cf5d6c2e9a8d648f688d7bac1e7e1005aae233
service/packages/plugin/test/sandbox/commands.test.ts,packages/plugin,test,95,6e39ddf536b3f2b231ca13cc67a5219c27d230ef86c88c77d5f201a1ec4e51e9
service/packages/plugin/test/sandbox/messaging.test.ts,packages/plugin,test,137,f1a68ae79b38088a35f144dbdf61b41d1eef66063021d5955936885706e027c7
service/packages/plugin/test/sandbox/startup.test.ts,packages/plugin,test,67,62144e35f8da79e7b32e32cc1151fdb3e8a4b9f84a97a2a0c5c6e9c467c09b81
service/packages/plugin/test/sandbox/tool-bridge.test.ts,packages/plugin,test,205,ecb1f54fc5efe9cf06a14898ead5cd5cc7097428b34fd2dc95c5e1f51ab7ba39
service/packages/plugin/test/serializer.test.ts,packages/plugin,test,1536,849110a2e7178bd40e7d25d1efca25e626fb588110666a1955fa93f9becb82d7
service/packages/plugin/test/traverse.test.ts,packages/plugin,test,68,3742ba94d3c4874ac6c70efb37c03fac39a1ee62b5495461303c54d22e733d72
service/packages/plugin/test/variable-binding-coverage.test.ts,packages/plugin,test,78,fd150a6a80cf20df33c647e2a5fafd707e934777b2740e73b429f66b93ddc03d
service/packages/plugin/ui/App.vue,packages/plugin,production,148,8cbc601ac96fece8a1cf1e414b4d948d253a153b3dc811d0ebaf559c79470df2
service/packages/plugin/ui/components/PanelBackgroundButton.vue,packages/plugin,production,39,7f3c5925f0cffc05f9c6ea658fb16716321c69489dcc7503768ec20960bbbc30
service/packages/plugin/ui/components/PanelFooter.vue,packages/plugin,production,21,5a7912b4001cc8057aa36671bce012b5a3f890c2ac97aab33b0e146cf5497652
service/packages/plugin/ui/components/PanelGrip.vue,packages/plugin,production,53,79436c4ceeb56f67d13f057d5e8589320b34ac317896cb412862a9712be14230
service/packages/plugin/ui/components/PanelStatus.vue,packages/plugin,production,59,216d95d5f3fa4a37663dd5f3755ac21d08a9924e006e82fdef81c76b592d49db
service/packages/plugin/ui/components/PanelTabs.vue,packages/plugin,production,33,6ba9106a656785b9149c1e7b1a2e25b801e5239e989e76cf0633dc07103ddabf
service/packages/plugin/ui/components/TabActivity.vue,packages/plugin,production,35,51ea0c9f5417aca453356ca4fcbbaa1e572d0de8482ac12e38ddf99593488fe1
service/packages/plugin/ui/components/TabActivityRow.vue,packages/plugin,production,186,05e9c1d6765129c2d29946e4b83c9ae9bf304a164a07cf7c9b46bbdd24af685b
service/packages/plugin/ui/components/TabContext.vue,packages/plugin,production,76,7bee882ffadd710a1cc99e4aff14c1b5577199f7019882cc166c796f9c07d00a
service/packages/plugin/ui/components/TabDebug.vue,packages/plugin,production,99,f4a74086e10afef0836949786c7569aedd98c8a38b535332546b079bb1d72cb5
service/packages/plugin/ui/components/TabPairing.vue,packages/plugin,production,205,e896fadc342b49ffa9c8966b2e640c6b4bfa07f8a7ccfc44fd26fd293f3f885e
service/packages/plugin/ui/components/UiCopyButton.vue,packages/plugin,production,41,68d4488d009f675185e2fd659fb669ce38b84954b630b7301889ca38227b2032
service/packages/plugin/ui/components/UiMetaRow.vue,packages/plugin,production,39,b99fafed6144932fc70c41ab296b8d860481cda9d5364c9a6483c72182f05d44
service/packages/plugin/ui/components/UiPayloadBlock.vue,packages/plugin,production,38,96eaadaebd61b828900fe806bfca1ed58afc4c4c1d1102461d9636f05d8b182a
service/packages/plugin/ui/components/UiSection.vue,packages/plugin,production,23,54d724048bab5489dd258d381f7ec738503a52d2d1f56beeac33181da8876624
service/packages/plugin/ui/components/UiSectionHeading.vue,packages/plugin,production,10,4817a958ef12c6c7d9e80c48ef7dee920b816f172b385edce8fcd2c7a52fb124
service/packages/plugin/ui/composables/useCopyToClipboard.ts,packages/plugin,production,9,c5b3fda10bc8df761bec89fa884d1e490ffb147b93a1ae4a1683c238b5837c03
service/packages/plugin/ui/composables/usePairing.ts,packages/plugin,production,396,f55f53dbcb754585d34128b6e93a0c18001fb53ec4ac2c3223cbbe27daa7277a
service/packages/plugin/ui/composables/usePanelWindow.ts,packages/plugin,production,41,11bbd28933b9ab7899032f38596d39f16ed377e949ef15412a3445c3e03b31c2
service/packages/plugin/ui/composables/useRelaySession.ts,packages/plugin,production,239,64394e5e79beabbe7c0bba85d03ba2a0cb1bd534453a61d618b0d3b7a8d72307
service/packages/plugin/ui/composables/useSharedNow.ts,packages/plugin,production,10,c2e76a33c6a8149c868d43ea63ca99c6a7f195f9076cff6c1938827d6906744d
service/packages/plugin/ui/env.d.ts,packages/plugin,production,5,1af2a276697505d4e2026788fa6a6a18f3f7e2325a1431facbb5ed3446172b97
service/packages/plugin/ui/lib/format.ts,packages/plugin,production,32,113b02348055df01c6b72250b782f58c0dc0539045a4000d92bb1fbeda0fd649
service/packages/plugin/ui/lib/tabs.ts,packages/plugin,production,9,6a2336dc520ee4577ba07fc5d1c455f10747eaac90c0d9ff6de6a184cfa611cd
service/packages/plugin/ui/main.ts,packages/plugin,production,29,69a87aefe9b0306bfc3a2f7b41197f9947c4e7fbdf22a4779c09c735a9bda7d0
service/packages/plugin/ui/relay/client.ts,packages/plugin,production,1134,3a24a36bd06cdf17e1635a2d6fe1ad9707dafd52ba484c2e42cbc7871d0ee51f
service/packages/plugin/ui/relay/diagnostics.ts,packages/plugin,production,85,c812a32170d8a31b4b29aa62fc2f0be8e2ecaf1a62af35bd8287a40cd4e470f5
service/packages/plugin/ui/relay/node-ids.ts,packages/plugin,production,52,35ba0133af2171fd3aee8edd2cfb89d96252a955d1481bc93a93d5e4b1c646d5
service/packages/plugin/ui/relay/payload.ts,packages/plugin,production,80,b20c9c0b3d6c8db92dfefc42763937ea938ef00110618d090aba07bc06ca946d
service/packages/plugin/ui/relay/state.ts,packages/plugin,production,162,b4288308d5235a4b450587347d009c18c1641a78a0c9aa0312ae2b14e4b8b583
service/packages/plugin/ui/sandbox/commands.ts,packages/plugin,production,46,60d0482b63baefb4ff047984132dd1ed3f3e078c40746c8234ff6e6fe8fb4536
service/packages/plugin/ui/sandbox/messaging.ts,packages/plugin,production,67,d39c8b8d8cfc23052b21eee8c61460059f1a79e1bdb41a465429d8a29c887f08
service/packages/plugin/ui/sandbox/tool-bridge.ts,packages/plugin,production,162,d4277585deb5e86e24c631d127c38dd2ea1ab986f7ca400b054522939718a6fb
service/packages/plugin/vite.config.main.ts,packages/plugin,build-tooling,20,e38c077e3a5c7e9aaec5e34c122a4f7e286fadad8378b66175dfb726affecc99
service/packages/plugin/vite.config.ts,packages/plugin,build-tooling,22,554db53c70646e9a04c1928b1fe291019989547c7d25d2898eb627c9946925d8
service/packages/plugin/vitest.config.ts,packages/plugin,build-tooling,12,f564fe1a831cfdc75233614ec43951084f9ab77b18cb7d724fe914e6155ecbbb
service/packages/shared/src/action-nonce.ts,packages/shared,production,150,25530abfc47ac8b94149d414806c2dbab12745cc9250b678b9b0f2598f169dd4
service/packages/shared/src/approval.ts,packages/shared,production,101,c7ff83337f6983507210d717fa03694a0d13e878e9ba4e2df300775ff5cbf61f
service/packages/shared/src/auth.ts,packages/shared,production,120,f3f458bfaf3b527638f46c974691304c011ac021192acb2bea1dd486f5013f51
service/packages/shared/src/capability-manifest.ts,packages/shared,production,196,19b01b8a18b13fa083a7269fe26980237a95e3a167a2db17aa34ca2541698454
service/packages/shared/src/codec.ts,packages/shared,production,12,3d949fe636c3a3d50f174bab8889ecd33338307808944450c5ed675e89342a1a
service/packages/shared/src/components.ts,packages/shared,production,60,03d8e5ee4580e1e0caa3f5d68b3c0036dd53e660056eb6065e2b1f7e23806fd5
service/packages/shared/src/config.ts,packages/shared,production,90,3fc2a725586215e60e1afaaa274cf1c9e7af87f7908677097c506ec29400e5be
service/packages/shared/src/control.ts,packages/shared,production,79,649cdf4784257dc78582369ea3294fb910a9fad54baf9ec1947c632e2b3703ca
service/packages/shared/src/design-context-dedupe.ts,packages/shared,production,274,5e6784e335f3f0f151f9246b78a37fdfd8bafd550b52069f2dfc73220f9f633a
service/packages/shared/src/design-context.ts,packages/shared,production,736,5cfdecc738329471c8ee787e83c530f0797c488373535e291a728927e133933b
service/packages/shared/src/egress.ts,packages/shared,production,429,a2e1ebd792fcac211f2d7b2c274302179a06ddd9bc724684eb3bb050a4b4eb23
service/packages/shared/src/envelope.ts,packages/shared,production,163,61f54a1b61008e90bd3574905c4897ef319c592ded10b1a4d0e4f178c14d1c29
service/packages/shared/src/heartbeat.ts,packages/shared,production,60,a6c81ebd6979b39690501b84edc70e59475f07a21bae822d618f32c5d9c710b9
service/packages/shared/src/index.ts,packages/shared,production,25,69625f650ceafb5e71f7ce6bfabb0911f8d25bfa6dca5c87a249ed3a173e1d8d
service/packages/shared/src/invocation.ts,packages/shared,production,395,1598aae34fbaae9acf1cc39b73f27517ad8a006417aed6e4a94197c53b854c1a
service/packages/shared/src/operations.ts,packages/shared,production,1039,d9c9fef1aaf8a99207be24417f2c72b7d6dc83f00aa95259d80c656673134136
service/packages/shared/src/progress.ts,packages/shared,production,735,99d405a9e39f8652c0d5827686993feb49e517bc33e186c7269351a8ff9b3446
service/packages/shared/src/protocol.ts,packages/shared,production,43,e9765d856e4f3542101dbcfd519c3bda6af1fd6dfdfb77e74650a3edef37c145
service/packages/shared/src/queries.ts,packages/shared,production,326,a9f4daddbfc906c76204ef63a7c9e2874a9313a3c4593ee665ecfc746f6a1489
service/packages/shared/src/result-schemas.ts,packages/shared,production,459,30f49e189da85e5e898b96ee4b725f9bb139daeb318e4b438ab422a3c162d473
service/packages/shared/src/rpc.ts,packages/shared,production,219,eda7928f4e22bd8f6f07afb1f6f47e26e085f763ee43065d19b940fed94f4ee6
service/packages/shared/src/serialized-node.ts,packages/shared,production,655,8507dd1ae5ba67fe6eab03bb3d29d4eaf5cc33eb173f6dd6a5ed5107eb1b9fde
service/packages/shared/src/service-operations.ts,packages/shared,production,67,09c411479206fc353aaadf4fe91fc1c54f93ccf0c322fcb2debd6da2b6a707b7
service/packages/shared/src/styles.ts,packages/shared,production,75,921aae6a4745b99b503eb69c7e882264bbe8d9296e8691e7e7e1e69282a1a655
service/packages/shared/src/tool-budgets.ts,packages/shared,production,53,f374b47cf86b515c56af6c6ff45a38c99248849a5b75a5ec87148bcf5b55b042
service/packages/shared/src/variables.ts,packages/shared,production,96,8ffd8b7d6d7938e6c4a371a31964887f866d77ac4f98099529db85cfd0453e02
service/packages/shared/src/version.ts,packages/shared,production,179,7f3916efdaf6c4fbace5287242fb8bd2fa8d323826d8da23ac3dc9b292885521
service/packages/shared/src/writes.ts,packages/shared,production,112,516677ee42e38f2548d55a410c0b1fe81b49eee8a32a393c6f4bb2c0ad629ec2
service/packages/shared/test/codec.test.ts,packages/shared,test,50,58a15ae66fd388289f736de0d64941984cbdadcd307a7cfe3ecd8560febb9ac2
service/packages/shared/test/control-schema.test.ts,packages/shared,test,124,3d714e87cba3b197b7f69e3e7a7fe57f859d5ce49c3d5e0b081d822e317eaf70
service/packages/shared/test/design-context-dedupe.test.ts,packages/shared,test,335,390076ced46d5b0e895211dec7cbeffa71710750378a9c2b470049b0357c354b
service/packages/shared/test/envelope.test.ts,packages/shared,test,63,0c598aa30dc3d1fdc145ce86db823419da52a8e070866010d7b3d478d43b506c
service/packages/shared/test/file-identity-hash.test.ts,packages/shared,test,48,48b203372256e350a8400dceb152f99a0f3a0fc001ae37ceb250cc320b356c23
service/packages/shared/test/heartbeat.test.ts,packages/shared,test,72,3e2fed82ca50446493de016835448814a46831ab0a6dbc60a9a5e596d1dd974b
service/packages/shared/test/serialized-node.test.ts,packages/shared,test,221,ba10cd77cc08a85f519d37da118aaffba345e32ec1832a19dce44c3769cb4f49
service/packages/shared/test/tool-budgets.test.ts,packages/shared,test,47,1452a5724c926babbe8c323f52240d644e9ecaabb194934cedbb2b83c153092b
service/packages/shared/test/version.test.ts,packages/shared,test,127,d1f4c103f9a0db1017ab16c6e35a9bce74aed34a45e90bc153897b0791e5e8e7
service/packages/shared/vitest.config.ts,packages/shared,build-tooling,9,90eaaf28fd7324e96a890ad058491d1cc8f6e4af82308a8ca256f081c3df44e7
service/scripts/update-service-forks.mjs,scripts,build-tooling,844,06d7d4e647dd2a393294e1e0cdf38e58359d62556678c54b116307a769f136af
service/scripts/vendor-upstreams.mjs,scripts,build-tooling,738,64d3e9cde5e97cef2c4acb05990e6770a5659ee35059c8c70265339e8547316e
service/scripts/verify-runtime-specifiers.mjs,scripts,build-tooling,226,56b5bc33ef7884c513b961a12b9285cf18c9ed037aeae1797427e008ba19046a
service/scripts/verify-staged-change-manifest.mjs,scripts,build-tooling,357,ccd1702d0f98407b9cedd577b779cd853166b730fb68471728eb169ecf1efd79
service/scripts/verify-upstream-lock.mjs,scripts,build-tooling,874,9dc703da406bb1be96820feb9a386c582273558e4db52a41d7ee3f96f04845e8
service/test/authority-class-transition.test.ts,test,test,81,b72409c7b8f1adbe4d1347ca17af9e536fdf017d82996848cdeb225c3a6e9746
service/test/bootstrap.test.ts,test,test,30,61f083ae0e39f897240d1da6234585fe920cc304c8c09cde097b82cf48aa190f
service/test/change-manifest.test.ts,test,test,305,8f9c4e40ea189eff5c51d8d3bfd0a177e303b01780228f0f0a6970087877aad6
service/test/docs-sync.test.ts,test,test,28,f726e661afbf0cafba92c8826e57a39ad9d7744f7e6e3cd322e743f7218325f3
service/test/service-fork-lineage.test.ts,test,test,684,a2a80791963fcb2d502082d5b553cc0c6bbc779ae51acf833a35efd224f28a20
service/test/task-8a-direct-fs-importers.test.ts,test,test,180,5fa7264d4aa4d2265e7a4e721828790637c1931374c08c48267a2e698491d7cb
service/test/tool-contract.test.ts,test,test,273,995433df2312cf06dff1cdca2763b196bb82701f682f1b63d9b57e4b844e2f53
service/test/tool-registry.test.ts,test,test,92,39c63929b9e84916684157088209364c8829ae2fa5c9642c06f12dc225bd7e34
service/test/upstream-parity.test.ts,test,test,24,68c755c675f9312940ecb5e7ba59e16ec92f8dea2ac1c9631a70572c3891b3c6
service/test/vendor-upstreams.test.ts,test,test,654,1c383bf0dff8eb7e39d1b2f26114b729de928d929280c812d3d7d133597758a8
service/vitest.config.ts,vitest.config.ts,build-tooling,48,e0aaafe54ef80f130a980fc3c9f5637a2fe9ae0a279d0fbe1242cfd8cb1b7016
